step,train_loss,train_acc1,lr
50,2.3118948459625246,10.1875,0.0001
100,2.3014968466758727,10.40625,0.0001
150,2.294744470914205,11.625,0.0001
200,2.2881277871131895,12.46484375,0.0001
250,2.2825467042922973,13.078125,0.0001
300,2.2771288243929546,13.533854166666666,0.0001
350,2.27166458266122,14.131696428571429,0.0001
401,2.4434906530380247,21.09375,0.02008
451,2.150911453962326,24.9375,0.02008
501,2.0150563518206277,27.651041666666668,0.02008
551,1.9309138494729996,29.8359375,0.02008
601,1.8649895424842835,31.95,0.02008
651,1.8148081088066101,33.598958333333336,0.02008
701,1.769628872871399,35.18080357142857,0.02008
752,1.543281753063202,43.640625,0.04006
802,1.5166637563705445,43.9921875,0.04006
852,1.4640609828631084,45.776041666666664,0.04006
902,1.4214107584953308,47.51171875,0.04006
952,1.388674105644226,48.8,0.04006
1002,1.3622814623514812,49.901041666666664,0.04006
1052,1.3333059447152273,51.122767857142854,0.04006
1103,1.1645415425300598,57.359375,0.060039999999999996
1153,1.1782891368865966,57.421875,0.060039999999999996
1203,1.1459991172949473,58.692708333333336,0.060039999999999996
1253,1.1269449663162232,59.484375,0.060039999999999996
1303,1.1161349420547486,59.9125,0.060039999999999996
1353,1.101469275355339,60.3828125,0.060039999999999996
1403,1.0858411490917206,60.86607142857143,0.060039999999999996
1454,1.0117415332794188,63.15625,0.08002
1504,1.009906502366066,63.1328125,0.08002
1554,0.9807873976230621,64.52604166666667,0.08002
1604,0.9606973853707313,65.39453125,0.08002
1654,0.9442647199630737,65.984375,0.08002
1704,0.9328316883246104,66.41927083333333,0.08002
1754,0.9213093936443328,66.83482142857143,0.08002
1805,0.8664216780662537,69.25,0.1
1855,0.8573559331893921,69.7578125,0.1
1905,0.857774189710617,69.59895833333333,0.1
1955,0.8458043640851974,70.0546875,0.1
2005,0.8396262006759644,70.28125,0.1
2055,0.8283981062968572,70.75260416666667,0.1
2105,0.8179225655964443,71.18303571428571,0.1
2156,0.7623631739616394,73.921875,0.1
2206,0.7396915704011917,74.3203125,0.1
2256,0.7292147187391916,74.86458333333333,0.1
2306,0.7309267374873162,74.8125,0.1
2356,0.720997050523758,75.128125,0.1
2406,0.7119226253032684,75.44270833333333,0.1
2456,0.7038096101794924,75.68973214285714,0.1
2507,0.6402199429273605,77.78125,0.1
2557,0.6380573329329491,77.9375,0.1
2607,0.6403935442368189,77.86979166666667,0.1
2657,0.644511132389307,77.875,0.1
2707,0.63687928378582,78.178125,0.1
2757,0.6322171010573705,78.27864583333333,0.1
2807,0.6337185491834368,78.14508928571429,0.1
2858,0.577459973692894,80.171875,0.1
2908,0.5675878724455834,80.578125,0.1
2958,0.570655866463979,80.4375,0.1
3008,0.5749173885583878,80.30859375,0.1
3058,0.5792648482322693,80.09375,0.1
3108,0.5742784998814265,80.28125,0.1
3158,0.567777168069567,80.49553571428571,0.1
3209,0.5238660353422165,82.78125,0.1
3259,0.5222013677656651,82.5234375,0.1
3309,0.5260171825687091,82.328125,0.1
3359,0.5292313245683908,82.09765625,0.1
3409,0.5258790201544762,82.16875,0.1
3459,0.5280193002521991,82.15364583333333,0.1
3509,0.5278260291048459,82.16517857142857,0.1
3560,0.5130756849050522,82.609375,0.1
3610,0.5043744632601738,82.921875,0.1
3660,0.4991067997614543,82.94270833333333,0.1
3710,0.4968173883855343,82.90625,0.1
3760,0.4962611521482468,82.965625,0.1
3810,0.4933490440249443,83.0703125,0.1
3860,0.49178471786635264,83.08705357142857,0.1
3911,0.42157187044620514,85.5625,0.1
3961,0.4483737775683403,84.46875,0.1
4011,0.4498649311065674,84.41666666666667,0.1
4061,0.45066037148237226,84.40625,0.1
4111,0.4515843771696091,84.3125,0.1
4161,0.4551424154639244,84.24739583333333,0.1
4211,0.4559330764838627,84.30580357142857,0.1
4262,0.4307063150405884,85.421875,0.1
4312,0.424521763920784,85.3203125,0.1
4362,0.42872666716575625,85.171875,0.1
4412,0.4311809694766998,85.1484375,0.1
4462,0.43192649018764495,85.115625,0.1
4512,0.4334500244259834,85.05729166666667,0.1
4562,0.4305891385248729,85.15625,0.1
4613,0.3985498422384262,86.203125,0.1
4663,0.3998216739296913,86.078125,0.1
4713,0.40321187396844227,86.07291666666667,0.1
4763,0.409162732064724,85.9375,0.1
4813,0.4037357885241509,86.209375,0.1
4863,0.4039511440694332,86.25260416666667,0.1
4913,0.40597805487258093,86.20089285714286,0.1
4964,0.3835997396707535,86.625,0.1
5014,0.38419248223304747,86.796875,0.1
5064,0.39393359422683716,86.46354166666667,0.1
5114,0.395340426415205,86.45703125,0.1
5164,0.39155903780460355,86.5875,0.1
5214,0.3931309963266055,86.56770833333333,0.1
5264,0.38805622569152287,86.72544642857143,0.1
5315,0.34788619965314865,88.03125,0.1
5365,0.3544560055434704,87.7421875,0.1
5415,0.3600420524676641,87.640625,0.1
5465,0.36072689801454544,87.6484375,0.1
5515,0.3644818577766418,87.478125,0.1
5565,0.3647699142495791,87.3984375,0.1
5615,0.3673734860760825,87.32366071428571,0.1
5666,0.33301797926425936,88.265625,0.1
5716,0.32874027207493783,88.5234375,0.1
5766,0.33642624109983443,88.32291666666667,0.1
5816,0.3385285673290491,88.2734375,0.1
5866,0.3410626870393753,88.209375,0.1
5916,0.34352426598469415,88.09114583333333,0.1
5966,0.3499180091704641,87.97767857142857,0.1
6017,0.3343024152517319,87.9375,0.1
6067,0.3388510888814926,88.15625,0.1
6117,0.34244497954845426,88.15104166666667,0.1
6167,0.34112306624650957,88.1328125,0.1
6217,0.3431162604689598,88.121875,0.1
6267,0.3399947888155778,88.29166666666667,0.1
6317,0.3412435183780534,88.33035714285714,0.1
6368,0.3106445634365082,89.25,0.1
6418,0.32468765169382097,88.5390625,0.1
6468,0.3257213812073072,88.66666666666667,0.1
6518,0.3256683221459389,88.58203125,0.1
6568,0.3264276768565178,88.55,0.1
6618,0.33053227802117663,88.47135416666667,0.1
6668,0.33105221927165984,88.48214285714286,0.1
6719,0.29482106029987337,90.03125,0.1
6769,0.30448404744267465,89.5,0.1
6819,0.3058766397833824,89.42708333333333,0.1
6869,0.31420054771006106,89.203125,0.1
6919,0.31717419135570524,89.171875,0.1
6969,0.31926071107387544,89.08854166666667,0.1
7019,0.3150906773124422,89.12723214285714,0.1
7070,0.3009614527225494,89.734375,0.1
7120,0.3015915681421757,89.796875,0.1
7170,0.30174702872832615,89.71354166666667,0.1
7220,0.30784925118088724,89.453125,0.1
7270,0.3053525566458702,89.515625,0.1
7320,0.3044980698327224,89.515625,0.1
7370,0.3065618677650179,89.44866071428571,0.1
7421,0.2828433091938496,90.03125,0.1
7471,0.28355667285621167,90.3359375,0.1
7521,0.28809193953871726,90.234375,0.1
7571,0.2918597312644124,90.0703125,0.1
7621,0.29664299049973486,89.89375,0.1
7671,0.2983810034642617,89.8203125,0.1
7721,0.29711404964327814,89.86830357142857,0.1
7772,0.2787556791305542,90.515625,0.1
7822,0.27872387811541555,90.3671875,0.1
7872,0.2790766926606496,90.40104166666667,0.1
7922,0.2861768550425768,90.18359375,0.1
7972,0.2881922135353088,90.09375,0.1
8022,0.29092389772335686,90.0078125,0.1
8072,0.29152407871825353,89.97991071428571,0.1
8123,0.27066487208008766,90.375,0.1
8173,0.2797499541193247,90.390625,0.1
8223,0.2798816040654977,90.30729166666667,0.1
8273,0.2810567119717598,90.24609375,0.1
8323,0.28069565337896346,90.171875,0.1
8373,0.2819209965566794,90.16927083333333,0.1
8423,0.28336256959608624,90.12723214285714,0.1
8474,0.2417702531814575,91.28125,0.1
8524,0.2558663602918386,91.140625,0.1
8574,0.25750494504968324,91.109375,0.1
8624,0.26247993398457764,90.9140625,0.1
8674,0.26954188004136087,90.6125,0.1
8724,0.27070268265902997,90.58072916666667,0.1
8774,0.2741364147620542,90.52008928571429,0.1
8825,0.22993115112185478,92.21875,0.1
8875,0.24841639332473278,91.4453125,0.1
8925,0.2500594056149324,91.46875,0.1
8975,0.25718744844198227,91.234375,0.1
9025,0.2556559983491898,91.21875,0.1
9075,0.25752305765946704,91.171875,0.1
9125,0.26055496841669085,91.05580357142857,0.1
9176,0.23596976161003114,92.1875,0.1
9226,0.23868795305490495,91.9609375,0.1
9276,0.24675774723291397,91.44791666666667,0.1
9326,0.2524030539393425,91.2109375,0.1
9376,0.25085664531588553,91.35625,0.1
9426,0.25755507990717885,91.06770833333333,0.1
9476,0.2585279667377472,91.02008928571429,0.1
9527,0.2203732532262802,92.203125,0.1
9577,0.2343537136912346,91.796875,0.1
9627,0.24096960266431172,91.515625,0.1
9677,0.2455285283923149,91.4375,0.1
9727,0.24664326816797255,91.375,0.1
9777,0.25257129723827043,91.2734375,0.1
9827,0.253864021556718,91.18973214285714,0.1
9878,0.2386380749940872,91.640625,0.1
9928,0.22631994739174843,92.2265625,0.1
9978,0.23181668529907862,91.921875,0.1
10028,0.234099133759737,91.87890625,0.1
10078,0.23621996885538102,91.8,0.1
10128,0.23877723703781764,91.68229166666667,0.1
10178,0.2409516434584345,91.63169642857143,0.1
10229,0.21963209599256517,92.296875,0.1
10279,0.2226835684478283,92.15625,0.1
10329,0.2234140405058861,92.19791666666667,0.1
10379,0.22888407431542873,91.94921875,0.1
10429,0.22832914197444915,91.9625,0.1
10479,0.23310836871465046,91.8046875,0.1
10529,0.23691012173891068,91.70982142857143,0.1
10580,0.22294482082128525,92.25,0.1
10630,0.2374037002027035,91.796875,0.1
10680,0.2403791551788648,91.69270833333333,0.1
10730,0.24002774193882942,91.68359375,0.1
10780,0.2403492721617222,91.653125,0.1
10830,0.24285959305862587,91.57291666666667,0.1
10880,0.24351644028510366,91.54241071428571,0.1
10931,0.19381320282816886,93.375,0.1
10981,0.20433384053409098,92.9609375,0.1
11031,0.20917588964104653,92.78125,0.1
11081,0.21579884681850672,92.53515625,0.1
11131,0.22301059675216675,92.225,0.1
11181,0.22558220786352953,92.13020833333333,0.1
11231,0.2277053408111845,92.02008928571429,0.1
11282,0.21644647672772407,92.53125,0.1
11332,0.22798591196537019,91.9453125,0.1
11382,0.22791067361831666,91.97395833333333,0.1
11432,0.22598034769296646,92.015625,0.1
11482,0.22686638808250428,92.034375,0.1
11532,0.2285957694798708,92.078125,0.1
11582,0.22998778370874268,92.05803571428571,0.1
11633,0.20275937780737877,92.921875,0.1
11683,0.21684581972658634,92.578125,0.1
11733,0.21173131048679353,92.88541666666667,0.1
11783,0.2159243144840002,92.6640625,0.1
11833,0.21598035365343093,92.6375,0.1
11883,0.2193707710504532,92.51302083333333,0.1
11933,0.22091186708637647,92.46651785714286,0.1
11984,0.2021113596856594,92.796875,0.1
12034,0.20576059378683567,92.8984375,0.1
12084,0.20930977751811344,92.703125,0.1
12134,0.20756776247173547,92.7265625,0.1
12184,0.21091009417176246,92.6625,0.1
12234,0.21092407154540221,92.6796875,0.1
12284,0.2141126326578004,92.56473214285714,0.1
12335,0.20682892218232155,92.84375,0.1
12385,0.21483416624367238,92.59375,0.1
12435,0.21172078261772792,92.64583333333333,0.1
12485,0.21126217804849148,92.64453125,0.1
12535,0.21569833853840828,92.53125,0.1
12585,0.21877602227032183,92.38020833333333,0.1
12635,0.22003357395529746,92.31026785714286,0.1
12686,0.20844866275787355,92.609375,0.1
12736,0.2085884924978018,92.6015625,0.1
12786,0.20521053900321326,92.80208333333333,0.1
12836,0.20795334622263908,92.65234375,0.1
12886,0.20784638494253158,92.725,0.1
12936,0.21027128756046295,92.703125,0.1
12986,0.21428873604961804,92.51339285714286,0.1
13037,0.19751594796776772,92.984375,0.1
13087,0.19251860104501248,93.1484375,0.1
13137,0.19561178023616474,93.03125,0.1
13187,0.19623317692428827,93.15625,0.1
13237,0.20322902542352678,92.840625,0.1
13287,0.20697946404417356,92.77604166666667,0.1
13337,0.21089520805648396,92.703125,0.1
13388,0.18757123857736588,93.515625,0.1
13438,0.19413593269884585,93.171875,0.1
13488,0.19519655391573906,93.07291666666667,0.1
13538,0.19854644972831012,93.06640625,0.1
13588,0.20487760064005853,92.821875,0.1
13638,0.20460020375748475,92.86197916666667,0.1
13688,0.20670501098036767,92.76116071428571,0.1
13739,0.18425851300358773,93.640625,0.1
13789,0.1966398374736309,93.15625,0.1
13839,0.19589654982089996,93.21354166666667,0.1
13889,0.19610966771841049,93.125,0.1
13939,0.1950732270181179,93.16875,0.1
13989,0.19658518011371295,93.1328125,0.1
14039,0.20155525884457998,92.97321428571429,0.1
14090,0.1858365137130022,93.65625,0.1
14140,0.1909245839342475,93.5859375,0.1
14190,0.1904072944074869,93.5,0.1
14240,0.18717290161177516,93.6015625,0.1
14290,0.193648005053401,93.35,0.1
14340,0.19492526753495137,93.24479166666667,0.1
14390,0.19701200267033916,93.14955357142857,0.1
14441,0.16421630144119262,93.859375,0.1
14491,0.1851655076444149,93.453125,0.1
14541,0.1862350335717201,93.53645833333333,0.1
14591,0.190094095133245,93.3828125,0.1
14641,0.19404886677861213,93.296875,0.1
14691,0.1947287263472875,93.3046875,0.1
14741,0.19656257105725153,93.22098214285714,0.1
14792,0.16703589722514153,94.234375,0.1
14842,0.18021701127290726,93.9375,0.1
14892,0.18293205638726553,93.84895833333333,0.1
14942,0.18141214564442634,93.8125,0.1
14992,0.1851206541955471,93.70625,0.1
15042,0.19041314189632733,93.50520833333333,0.1
15092,0.19351172762257712,93.32589285714286,0.1
15143,0.16964488103985786,94.078125,0.1
15193,0.18346117779612542,93.703125,0.1
15243,0.1867318136493365,93.51041666666667,0.1
15293,0.19330709271132945,93.28515625,0.1
15343,0.19430098631978035,93.20625,0.1
15393,0.1972077663242817,93.12239583333333,0.1
15443,0.1981539238350732,93.10714285714286,0.1
15494,0.17693763941526414,94.078125,0.1
15544,0.18294654838740826,93.7578125,0.1
15594,0.18279298409819603,93.77604166666667,0.1
15644,0.18635034311562776,93.625,0.1
15694,0.1863351943194866,93.628125,0.1
15744,0.1831345989803473,93.72135416666667,0.1
15794,0.18429632244365557,93.71428571428571,0.1
15845,0.15854841366410255,94.546875,0.1
15895,0.16386219255626203,94.34375,0.1
15945,0.17847457587718962,93.859375,0.1
15995,0.1860440168529749,93.5859375,0.1
16045,0.184682025000453,93.609375,0.1
16095,0.18632181933770578,93.515625,0.1
16145,0.19011802802128452,93.41294642857143,0.1
16196,0.1527245371043682,94.78125,0.1
16246,0.16421731181442736,94.25,0.1
16296,0.166885344684124,94.140625,0.1
16346,0.17097400307655333,94.015625,0.1
16396,0.1819258108139038,93.7,0.1
16446,0.18578212862213453,93.5625,0.1
16496,0.1877673137613705,93.484375,0.1
16547,0.1757219025492668,94.21875,0.1
16597,0.17244393162429333,94.09375,0.1
16647,0.1776322207848231,93.83333333333333,0.1
16697,0.17600690692663193,93.90625,0.1
16747,0.1807638500034809,93.684375,0.1
16797,0.18237688009937605,93.58854166666667,0.1
16847,0.18522694125771522,93.484375,0.1
16898,0.1677192033827305,94.109375,0.1
16948,0.17022441916167735,93.96875,0.1
16998,0.1750664472579956,93.83333333333333,0.1
17048,0.17806032482534648,93.71875,0.1
17098,0.1851748510301113,93.496875,0.1
17148,0.18837077376743158,93.34895833333333,0.1
17198,0.1870500536262989,93.39955357142857,0.1
17249,0.14312139362096787,95.140625,0.1
17299,0.15364946462213994,94.703125,0.1
17349,0.15319571246703464,94.60416666666667,0.1
17399,0.17234931472688914,93.9296875,0.1
17449,0.17864296823740006,93.725,0.1
17499,0.18035922882457575,93.6640625,0.1
17549,0.18292422592639923,93.56473214285714,0.1
17600,0.15372855469584465,94.875,0.1
17650,0.1579624543339014,94.5546875,0.1
17700,0.16689617345730465,94.203125,0.1
17750,0.17266069781035184,94.01171875,0.1
17800,0.17478771877288818,93.896875,0.1
17850,0.1754487914343675,93.90104166666667,0.1
17900,0.18070817474808012,93.65848214285714,0.1
17951,0.16771085396409036,94.15625,0.1
18001,0.16621893145143984,94.1484375,0.1
18051,0.16872692734003067,94.18229166666667,0.1
18101,0.1663271813839674,94.16015625,0.1
18151,0.1646698818206787,94.2375,0.1
18201,0.16559914576510587,94.22916666666667,0.1
18251,0.16857625856995584,94.13392857142857,0.1
18302,0.18339592710137367,93.484375,0.1
18352,0.17800402089953424,93.734375,0.1
18402,0.1761102775732676,93.796875,0.1
18452,0.1698951192572713,94.0703125,0.1
18502,0.17001082861423492,94.05,0.1
18552,0.17286409988999366,93.9765625,0.1
18602,0.17333446448402745,93.93526785714286,0.1
18653,0.1464380317926407,95.15625,0.1
18703,0.14888743869960308,94.8828125,0.1
18753,0.15453578472137453,94.63541666666667,0.1
18803,0.16522222753614188,94.265625,0.1
18853,0.1681102722287178,94.184375,0.1
18903,0.1688834277788798,94.1484375,0.1
18953,0.17347724897520883,93.96651785714286,0.1
19004,0.17766285121440886,93.609375,0.1
19054,0.17247223906219006,94.0078125,0.1
19104,0.16854150990645092,94.109375,0.1
19154,0.16757421154528856,94.13671875,0.1
19204,0.16657872992753983,94.121875,0.1
19254,0.16707814301053683,94.09114583333333,0.1
19304,0.16952773568885668,93.99330357142857,0.1
19355,0.1601790726184845,94.578125,0.1
19405,0.1546914455294609,94.8359375,0.1
19455,0.15878879671295484,94.55729166666667,0.1
19505,0.16760380994528531,94.22265625,0.1
19555,0.17322923371195792,93.984375,0.1
19605,0.17569216745595137,93.921875,0.1
19655,0.17469066253730228,93.95535714285714,0.1
19706,0.1429861581325531,94.875,0.1
19756,0.142954231351614,94.9453125,0.1
19806,0.15281676029165586,94.515625,0.1
19856,0.16500322088599206,94.140625,0.1
19906,0.16970554956793785,94.0125,0.1
19956,0.17154264144599438,93.95052083333333,0.1
20006,0.17061300083994865,94.00223214285714,0.1
20057,0.14806412845849992,94.78125,0.1
20107,0.15177602291107178,94.6796875,0.1
20157,0.14925407310326894,94.79166666666667,0.1
20207,0.15324764098972082,94.6328125,0.1
20257,0.1576178275346756,94.428125,0.1
20307,0.16460072298844655,94.203125,0.1
20357,0.16424971480454717,94.25669642857143,0.1
20408,0.14009019874036313,95.28125,0.1
20458,0.146896496899426,94.8203125,0.1
20508,0.14959979869425297,94.77083333333333,0.1
20558,0.16004383632913233,94.4375,0.1
20608,0.16540387038886548,94.275,0.1
20658,0.1687436893954873,94.15104166666667,0.1
20708,0.17102501325309277,94.08258928571429,0.1
20759,0.1302644520252943,95.546875,0.1
20809,0.13035863149911164,95.5625,0.1
20859,0.1409568235774835,95.140625,0.1
20909,0.14828453898429872,94.8828125,0.1
20959,0.1509490133523941,94.740625,0.1
21009,0.1526801802093784,94.65625,0.1
21059,0.15596775456198625,94.52455357142857,0.1
21110,0.16419644460082053,94.265625,0.1
21160,0.1574264319241047,94.6328125,0.1
21210,0.15282672035197417,94.81770833333333,0.1
21260,0.15662189284339548,94.69921875,0.1
21310,0.16264562340080738,94.446875,0.1
21360,0.16688074483225743,94.2890625,0.1
21410,0.1699623537595783,94.12053571428571,0.1
21461,0.14704577937722207,94.71875,0.1
21511,0.15351095847785473,94.6015625,0.1
21561,0.15778700813651084,94.48958333333333,0.1
21611,0.16111877836287022,94.34765625,0.1
21661,0.16263448649644852,94.265625,0.1
21711,0.160075650823613,94.36979166666667,0.1
21761,0.1594871019359146,94.38616071428571,0.1
21812,0.14364899151027202,94.890625,0.1
21862,0.14734809122979642,94.8046875,0.1
21912,0.14662248176832993,94.8125,0.1
21962,0.14617880625650287,94.84375,0.1
22012,0.1514843805283308,94.64375,0.1
22062,0.15700349143395823,94.4296875,0.1
22112,0.15873198629489968,94.35491071428571,0.1
22163,0.1268735260516405,95.53125,0.1
22213,0.13455790672451257,95.1640625,0.1
22263,0.13796198464930057,95.140625,0.1
22313,0.14520355174317956,94.80859375,0.1
22363,0.14564431037008763,94.78125,0.1
22413,0.15026652046789726,94.69010416666667,0.1
22463,0.15460081848715032,94.56026785714286,0.1
22514,0.17998938664793968,93.8125,0.1
22564,0.16458190768957137,94.296875,0.1
22614,0.1597511042157809,94.453125,0.1
22664,0.161964678093791,94.3828125,0.1
22714,0.16617812952399255,94.25625,0.1
22764,0.1649245302627484,94.27083333333333,0.1
22814,0.16539856291243007,94.25669642857143,0.1
22865,0.14948113560676574,94.703125,0.1
22915,0.14442564629018306,94.8671875,0.1
22965,0.1432204838345448,95.0,0.1
23015,0.14216133499518036,95.015625,0.1
23065,0.14880850736796855,94.796875,0.1
23115,0.14879601376752058,94.7578125,0.1
23165,0.15202431457383292,94.61830357142857,0.1
23216,0.14418463483452798,94.984375,0.1
23266,0.12933420654386282,95.484375,0.1
23316,0.13282809107253948,95.296875,0.1
23366,0.13972609403543174,95.08984375,0.1
23416,0.1454437979385257,94.8375,0.1
23466,0.14836458602920174,94.72916666666667,0.1
23516,0.15310203306909118,94.55803571428571,0.1
23567,0.167776268273592,94.203125,0.1
23617,0.16242750950157642,94.328125,0.1
23667,0.1587306675563256,94.49479166666667,0.1
23717,0.15423086799681188,94.68359375,0.1
23767,0.15674339053034783,94.58125,0.1
23817,0.1637328990797202,94.30989583333333,0.1
23867,0.162876126148871,94.35267857142857,0.1
23918,0.12174334868788719,95.90625,0.1
23968,0.11816936027258634,95.84375,0.1
24018,0.1259735547254483,95.515625,0.1
24068,0.1362727733515203,95.23046875,0.1
24118,0.14011491821706296,95.071875,0.1
24168,0.14601314593106507,94.8125,0.1
24218,0.15033716241163866,94.66964285714286,0.1
24269,0.1458116015791893,94.796875,0.1
24319,0.13672419931739568,95.2109375,0.1
24369,0.13946558482944965,95.046875,0.1
24419,0.15332851925864815,94.59375,0.1
24469,0.15856071169674396,94.440625,0.1
24519,0.15542842329790194,94.58333333333333,0.1
24569,0.15562487705477646,94.55803571428571,0.1
24620,0.13279239758849143,95.671875,0.1
24670,0.14091535791754722,95.25,0.1
24720,0.1454561412582795,95.02083333333333,0.1
24770,0.14629713451489806,95.0,0.1
24820,0.15893796740472316,94.5375,0.1
24870,0.16127482581883668,94.5,0.1
24920,0.15931002440197128,94.51785714285714,0.1
24971,0.14598322384059428,94.96875,0.1
25021,0.13762416791170837,95.2109375,0.1
25071,0.13929116509854794,95.125,0.1
25121,0.13971968073397875,95.10546875,0.1
25171,0.14286424823105334,95.028125,0.1
25221,0.1439630329484741,94.97135416666667,0.1
25271,0.14890376336872577,94.80357142857143,0.1
25322,0.15123590603470802,94.328125,0.1
25372,0.15363363035023211,94.53125,0.1
25422,0.15529025805493196,94.57291666666667,0.1
25472,0.1506791094876826,94.73828125,0.1
25522,0.14969348062574864,94.796875,0.1
25572,0.14956440380463998,94.77083333333333,0.1
25622,0.1540581149395023,94.57366071428571,0.1
25673,0.1332996679842472,95.15625,0.1
25723,0.1348271906003356,95.265625,0.1
25773,0.13771448127925395,95.22916666666667,0.1
25823,0.13709735414013266,95.19921875,0.1
25873,0.14116288708150387,95.084375,0.1
25923,0.14314109403640032,94.95833333333333,0.1
25973,0.14457681001297065,94.88839285714286,0.1
26024,0.15438129156827926,94.78125,0.1
26074,0.16143064893782139,94.4765625,0.1
26124,0.1502123013138771,94.828125,0.1
26174,0.1459430426545441,94.8984375,0.1
26224,0.15054659707844256,94.759375,0.1
26274,0.15728327292948963,94.5234375,0.1
26324,0.15977838408734119,94.43080357142857,0.1
26375,0.12455472022294999,95.890625,0.1
26425,0.1137649678066373,96.25,0.1
26475,0.11254449730118116,96.14583333333333,0.1
26525,0.11671606931835413,95.9609375,0.1
26575,0.12271993020176887,95.6625,0.1
26625,0.1323719138155381,95.328125,0.1
26675,0.13977250831467763,95.05803571428571,0.1
26726,0.12757514975965023,95.703125,0.1
26776,0.1251223330013454,95.734375,0.1
26826,0.13826196778565644,95.22395833333333,0.1
26876,0.14072367656044663,95.06640625,0.1
26926,0.1490444173142314,94.828125,0.1
26976,0.15101616920903324,94.734375,0.1
27026,0.15271441691155946,94.64955357142857,0.1
27077,0.11981904976069928,95.78125,0.1
27127,0.12793640434741974,95.4765625,0.1
27177,0.12801822314659755,95.546875,0.1
27227,0.1330312058702111,95.3359375,0.1
27277,0.13362089508771896,95.296875,0.1
27327,0.13934543512761594,95.09895833333333,0.1
27377,0.1434637622960976,94.90401785714286,0.1
27428,0.13809689201414585,95.484375,0.1
27478,0.12999868135899306,95.6640625,0.1
27528,0.1297388280183077,95.65104166666667,0.1
27578,0.12915904339402914,95.6796875,0.1
27628,0.13576083895564078,95.41875,0.1
27678,0.14025253303349017,95.2890625,0.1
27728,0.14155595971005303,95.20982142857143,0.1
27779,0.12993669763207435,95.46875,0.1
27829,0.1390242864191532,95.1328125,0.1
27879,0.13724639110267162,95.19791666666667,0.1
27929,0.1402266095019877,95.0859375,0.1
27979,0.14475919635593892,94.94375,0.1
28029,0.14425663735717534,94.92447916666667,0.1
28079,0.14736678635435446,94.78125,0.1
28130,0.11646467819809914,95.828125,0.1
28180,0.11988015405833721,95.671875,0.1
28230,0.12906474947929383,95.41666666666667,0.1
28280,0.12992146391421555,95.421875,0.1
28330,0.13279539714753627,95.334375,0.1
28380,0.13630127523094415,95.234375,0.1
28430,0.13974960899778774,95.09151785714286,0.1
28481,0.13290393583476542,95.265625,0.1
28531,0.13119022009894252,95.4140625,0.1
28581,0.13103518161922692,95.36979166666667,0.1
28631,0.1316932653542608,95.35546875,0.1
28681,0.13814676292985678,95.06875,0.1
28731,0.13992639308795332,94.98958333333333,0.1
28781,0.14375549655407668,94.84375,0.1
28832,0.12934815742075442,95.375,0.1
28882,0.1412381874024868,95.109375,0.1
28932,0.14418900072574614,94.97916666666667,0.1
28982,0.14521715074777602,95.0078125,0.1
29032,0.14497936235368253,95.040625,0.1
29082,0.14277026916543642,95.12239583333333,0.1
29132,0.14469198150294169,95.015625,0.1
29183,0.14533203661441804,94.71875,0.1
29233,0.15367791302502154,94.625,0.1
29283,0.14969744925697645,94.765625,0.1
29333,0.14509459283202886,94.88671875,0.1
29383,0.1438518415093422,94.984375,0.1
29433,0.13928412043799956,95.09895833333333,0.1
29483,0.1423553023274456,94.97991071428571,0.1
29534,0.1413998845219612,95.25,0.1
29584,0.14288942262530327,95.109375,0.1
29634,0.13836632000903287,95.22916666666667,0.1
29684,0.13671669609844683,95.26171875,0.1
29734,0.14253878684341909,95.078125,0.1
29784,0.14548478952298563,94.91927083333333,0.1
29834,0.14682548913572516,94.90178571428571,0.1
29885,0.11029294766485691,96.015625,0.1
29935,0.11005222868174315,96.0546875,0.1
29985,0.11494355762998264,95.97916666666667,0.1
30035,0.11791822114959359,95.90234375,0.1
30085,0.1227574260532856,95.678125,0.1
30135,0.1308900455137094,95.37239583333333,0.1
30185,0.13834811278751918,95.11830357142857,0.1
30236,0.13964634634554385,95.09375,0.1
30286,0.12754047568887472,95.6640625,0.1
30336,0.12999710078040758,95.58333333333333,0.1
30386,0.12769304651767016,95.6171875,0.1
30436,0.12963304671645165,95.4875,0.1
30486,0.13779144580165545,95.21875,0.1
30536,0.13878439128398895,95.18973214285714,0.1
30587,0.1249228522181511,96.03125,0.1
30637,0.12012896079570055,96.0,0.1
30687,0.12584983145197232,95.734375,0.1
30737,0.13247032495215535,95.4609375,0.1
30787,0.12945527981221677,95.540625,0.1
30837,0.13382197855661312,95.390625,0.1
30887,0.13632779301277229,95.34375,0.1
30938,0.11881684094667434,95.90625,0.1
30988,0.11005844976752996,96.2109375,0.1
31038,0.11594882431129615,95.93229166666667,0.1
31088,0.11917058400809764,95.83203125,0.1
31138,0.1223725307881832,95.696875,0.1
31188,0.13004893511533738,95.41666666666667,0.1
31238,0.13398640579410961,95.29017857142857,0.1
31289,0.1402818115055561,95.1875,0.1
31339,0.1308318430185318,95.453125,0.1
31389,0.126121816188097,95.703125,0.1
31439,0.12491556830704212,95.8125,0.1
31489,0.13040997813642025,95.575,0.1
31539,0.13537613621602457,95.41927083333333,0.1
31589,0.137719107025436,95.35267857142857,0.1
31640,0.12986962772905827,95.484375,0.1
31690,0.13056834779679774,95.40625,0.1
31740,0.12821460396051407,95.50520833333333,0.1
31790,0.12975592039525508,95.484375,0.1
31840,0.13184053671360016,95.4,0.1
31890,0.1330685476710399,95.3671875,0.1
31940,0.13709509471697467,95.16741071428571,0.1
31991,0.13657031700015068,95.453125,0.1
32041,0.1415586604177952,95.1796875,0.1
32091,0.14216209297378857,95.15104166666667,0.1
32141,0.14031133774667978,95.2265625,0.1
32191,0.13834397819638253,95.25,0.1
32241,0.13982612299422423,95.15104166666667,0.1
32291,0.14002287465546812,95.18303571428571,0.1
32342,0.10215704385191202,96.65625,0.1
32392,0.10641335112974047,96.3359375,0.1
32442,0.1179007825627923,95.93229166666667,0.1
32492,0.12609215705655516,95.625,0.1
32542,0.13076070424169303,95.453125,0.1
32592,0.1335363327153027,95.33333333333333,0.1
32642,0.13616921990577663,95.24776785714286,0.1
32693,0.11784289672970771,95.578125,0.1
32743,0.12502848841249942,95.5390625,0.1
32793,0.1321597209572792,95.25,0.1
32843,0.13493462361395359,95.203125,0.1
32893,0.13452932913601398,95.221875,0.1
32943,0.1368049639587601,95.21354166666667,0.1
32993,0.13932655969900745,95.11383928571429,0.1
33044,0.13217292420566082,95.265625,0.1
33094,0.1273745571449399,95.4609375,0.1
33144,0.1266757578154405,95.52083333333333,0.1
33194,0.12637075655162333,95.5078125,0.1
33244,0.12955009815096855,95.396875,0.1
33294,0.13337137329081694,95.26302083333333,0.1
33344,0.13535872106041227,95.17410714285714,0.1
33395,0.10620285250246525,96.3125,0.1
33445,0.11729028139263392,95.9609375,0.1
33495,0.12694367366532486,95.56770833333333,0.1
33545,0.137256233189255,95.19921875,0.1
33595,0.13611076632142066,95.271875,0.1
33645,0.1385550711552302,95.14583333333333,0.1
33695,0.13763814251337733,95.24107142857143,0.1
33746,0.11439039938151836,96.0,0.1
33796,0.12483796902000904,95.7109375,0.1
33846,0.1294967883080244,95.42708333333333,0.1
33896,0.12880677415058017,95.5078125,0.1
33946,0.13211607599258424,95.40625,0.1
33996,0.13278688662995894,95.40625,0.1
34046,0.1334564593860081,95.35714285714286,0.1
34097,0.12647375747561454,95.65625,0.1
34147,0.12942481830716132,95.546875,0.1
34197,0.132750407208999,95.49479166666667,0.1
34247,0.13564449304714798,95.3515625,0.1
34297,0.13436606623232364,95.378125,0.1
34347,0.13589960337926943,95.3515625,0.1
34397,0.14134413227438927,95.15848214285714,0.1
34448,0.1381125544011593,95.140625,0.1
34498,0.13044898480176925,95.4140625,0.1
34548,0.12842054441571235,95.53645833333333,0.1
34598,0.12750496417284013,95.609375,0.1
34648,0.12632281912863255,95.6625,0.1
34698,0.12598299350589515,95.70052083333333,0.1
34748,0.12919026730316027,95.56026785714286,0.1
34799,0.1200889191031456,95.890625,0.1
34849,0.12061913438141346,95.859375,0.1
34899,0.12099476272861164,95.79166666666667,0.1
34949,0.12855127576738595,95.484375,0.1
34999,0.13253055649995804,95.31875,0.1
35049,0.13331300814946492,95.2578125,0.1
35099,0.13570055318730218,95.16964285714286,0.1
35150,0.08382115948945285,97.234375,0.010000000000000002
35200,0.06823449159041046,97.7421875,0.010000000000000002
35250,0.06322291407734155,97.97395833333333,0.010000000000000002
35300,0.058770488500595096,98.13671875,0.010000000000000002
35350,0.054978210363537075,98.28125,0.010000000000000002
35400,0.052055914181595046,98.390625,0.010000000000000002
35450,0.04943000108801893,98.48660714285714,0.010000000000000002
35501,0.02980685983784497,99.234375,0.010000000000000002
35551,0.029235218674875794,99.2734375,0.010000000000000002
35601,0.029257538290694357,99.25,0.010000000000000002
35651,0.028425279434304684,99.265625,0.010000000000000002
35701,0.028125041630119085,99.275,0.010000000000000002
35751,0.027393345789362988,99.30208333333333,0.010000000000000002
35801,0.027222068538623197,99.296875,0.010000000000000002
35852,0.021341237146407364,99.4375,0.010000000000000002
35902,0.020902442750521003,99.4609375,0.010000000000000002
35952,0.021105689980710548,99.46354166666667,0.010000000000000002
36002,0.021580689423717558,99.4296875,0.010000000000000002
36052,0.021673392564989628,99.428125,0.010000000000000002
36102,0.02175273762472595,99.40364583333333,0.010000000000000002
36152,0.021568294784187206,99.41741071428571,0.010000000000000002
36203,0.014848588979803026,99.75,0.010000000000000002
36253,0.015306671562138946,99.75,0.010000000000000002
36303,0.015855844665008285,99.734375,0.010000000000000002
36353,0.015731747082900257,99.703125,0.010000000000000002
36403,0.01569985570665449,99.7,0.010000000000000002
36453,0.01575804965182518,99.69270833333333,0.010000000000000002
36503,0.015927159301936625,99.67633928571429,0.010000000000000002
36554,0.01488670404534787,99.65625,0.010000000000000002
36604,0.014913975230883806,99.6640625,0.010000000000000002
36654,0.015081857081192236,99.66666666666667,0.010000000000000002
36704,0.015294567284872756,99.6640625,0.010000000000000002
36754,0.014765163615345954,99.678125,0.010000000000000002
36804,0.014461937777232379,99.68489583333333,0.010000000000000002
36854,0.014529754210130445,99.69419642857143,0.010000000000000002
36905,0.012115266504697502,99.71875,0.010000000000000002
36955,0.011727926398161798,99.7578125,0.010000000000000002
37005,0.012189513140668472,99.72916666666667,0.010000000000000002
37055,0.012128516205120832,99.7421875,0.010000000000000002
37105,0.012509059054777026,99.725,0.010000000000000002
37155,0.012537057820397119,99.73177083333333,0.010000000000000002
37205,0.012311863884595887,99.75,0.010000000000000002
37256,0.010902371620759368,99.78125,0.010000000000000002
37306,0.012557259295135736,99.71875,0.010000000000000002
37356,0.011997377707933386,99.734375,0.010000000000000002
37406,0.012217614015098662,99.7265625,0.010000000000000002
37456,0.0118506118375808,99.75,0.010000000000000002
37506,0.011604795679450036,99.765625,0.010000000000000002
37556,0.011709126281951155,99.76116071428571,0.010000000000000002
37607,0.011791707272641361,99.703125,0.010000000000000002
37657,0.010998230014229194,99.75,0.010000000000000002
37707,0.010552180637605489,99.76041666666667,0.010000000000000002
37757,0.010424536204664037,99.76953125,0.010000000000000002
37807,0.01061491021886468,99.7625,0.010000000000000002
37857,0.01072868132032454,99.77083333333333,0.010000000000000002
37907,0.010362039118606064,99.78794642857143,0.010000000000000002
37958,0.008483246336691081,99.890625,0.010000000000000002
38008,0.008377023347420617,99.859375,0.010000000000000002
38058,0.008647145753881584,99.84895833333333,0.010000000000000002
38108,0.008475792466197164,99.85546875,0.010000000000000002
38158,0.008858427950181068,99.84375,0.010000000000000002
38208,0.009205286600627005,99.8359375,0.010000000000000002
38258,0.009264379814932389,99.83258928571429,0.010000000000000002
38309,0.009412608032580465,99.828125,0.010000000000000002
38359,0.008357594426488504,99.890625,0.010000000000000002
38409,0.008985394569269072,99.84895833333333,0.010000000000000002
38459,0.008977202631649561,99.828125,0.010000000000000002
38509,0.00891974541777745,99.828125,0.010000000000000002
38559,0.008981588787864894,99.81770833333333,0.010000000000000002
38609,0.00880270170480279,99.828125,0.010000000000000002
38660,0.0072037103911861775,99.921875,0.010000000000000002
38710,0.006744103785604238,99.9296875,0.010000000000000002
38760,0.006712997077653805,99.91666666666667,0.010000000000000002
38810,0.0068452194827841595,99.9140625,0.010000000000000002
38860,0.007207528482191265,99.909375,0.010000000000000002
38910,0.007327172812850525,99.90364583333333,0.010000000000000002
38960,0.007456349256847586,99.89732142857143,0.010000000000000002
39011,0.007080725301057101,99.90625,0.010000000000000002
39061,0.006620271431747824,99.90625,0.010000000000000002
39111,0.006852640269013743,99.90625,0.010000000000000002
39161,0.007092130108503625,99.8984375,0.010000000000000002
39211,0.007166575296781957,99.896875,0.010000000000000002
39261,0.007133189480906973,99.8984375,0.010000000000000002
39311,0.0070488760630334065,99.90401785714286,0.010000000000000002
39362,0.005713978707790375,99.953125,0.010000000000000002
39412,0.006636345596052706,99.9296875,0.010000000000000002
39462,0.007079603113234043,99.91145833333333,0.010000000000000002
39512,0.006772345908684656,99.91796875,0.010000000000000002
39562,0.006653564339969307,99.91875,0.010000000000000002
39612,0.006486749051837251,99.91927083333333,0.010000000000000002
39662,0.006470552737758096,99.91741071428571,0.010000000000000002
39713,0.005407426765887066,99.953125,0.010000000000000002
39763,0.005972078300546854,99.9140625,0.010000000000000002
39813,0.005824854743356506,99.91666666666667,0.010000000000000002
39863,0.006071923326817341,99.9140625,0.010000000000000002
39913,0.006208770093973726,99.90625,0.010000000000000002
39963,0.006265759680730601,99.8984375,0.010000000000000002
40013,0.0061226008137288904,99.90401785714286,0.010000000000000002
40064,0.006550764127168805,99.890625,0.010000000000000002
40114,0.006231118157738819,99.8984375,0.010000000000000002
40164,0.006214936250665535,99.89583333333333,0.010000000000000002
40214,0.00619746018841397,99.89453125,0.010000000000000002
40264,0.006213082878384739,99.8875,0.010000000000000002
40314,0.00616668209200725,99.88802083333333,0.010000000000000002
40364,0.006297066563274711,99.88616071428571,0.010000000000000002
40415,0.005547960314434022,99.890625,0.010000000000000002
40465,0.006061759885633364,99.9140625,0.010000000000000002
40515,0.006070562542881817,99.91666666666667,0.010000000000000002
40565,0.006168364441837184,99.921875,0.010000000000000002
40615,0.0064193636286072435,99.909375,0.010000000000000002
40665,0.006204521453473717,99.9140625,0.010000000000000002
40715,0.006140138541481325,99.91294642857143,0.010000000000000002
40766,0.0048730396083556116,99.921875,0.010000000000000002
40816,0.004658656311803498,99.9296875,0.010000000000000002
40866,0.005016715156768138,99.921875,0.010000000000000002
40916,0.004979348809865769,99.93359375,0.010000000000000002
40966,0.005224045020062476,99.91875,0.010000000000000002
41016,0.005297002563796316,99.91927083333333,0.010000000000000002
41066,0.005311966271838173,99.91517857142857,0.010000000000000002
41117,0.004911421105498448,99.9375,0.010000000000000002
41167,0.004374489551992156,99.953125,0.010000000000000002
41217,0.00444557676751477,99.96875,0.010000000000000002
41267,0.0050090286941849626,99.94140625,0.010000000000000002
41317,0.004942417197162286,99.946875,0.010000000000000002
41367,0.005019903439097107,99.94270833333333,0.010000000000000002
41417,0.00500664651975967,99.93973214285714,0.010000000000000002
41468,0.004059836167143658,99.953125,0.010000000000000002
41518,0.004022134412662126,99.9609375,0.010000000000000002
41568,0.004253072253195569,99.953125,0.010000000000000002
41618,0.004286660159996245,99.953125,0.010000000000000002
41668,0.004370733917923644,99.959375,0.010000000000000002
41718,0.004384025987625743,99.9609375,0.010000000000000002
41768,0.004450437930811729,99.95758928571429,0.010000000000000002
41819,0.003672789088450372,99.96875,0.010000000000000002
41869,0.004253747005132027,99.9296875,0.010000000000000002
41919,0.004129997071965287,99.9375,0.010000000000000002
41969,0.004261980379524175,99.94140625,0.010000000000000002
42019,0.00445183304999955,99.93125,0.010000000000000002
42069,0.0045865905940687905,99.92708333333333,0.010000000000000002
42119,0.004568352497216048,99.93080357142857,0.010000000000000002
42170,0.004816430792561732,99.921875,0.010000000000000002
42220,0.004734536544128786,99.921875,0.010000000000000002
42270,0.004467139562863546,99.94270833333333,0.010000000000000002
42320,0.004697727035236312,99.9296875,0.010000000000000002
42370,0.004657987351412885,99.934375,0.010000000000000002
42420,0.004519868439432078,99.94270833333333,0.010000000000000002
42470,0.004502855103512827,99.94419642857143,0.010000000000000002
42521,0.00394106199266389,99.953125,0.010000000000000002
42571,0.003742789101670496,99.96875,0.010000000000000002
42621,0.003650361466764783,99.96875,0.010000000000000002
42671,0.004060105401149486,99.94140625,0.010000000000000002
42721,0.0043552425552625205,99.925,0.010000000000000002
42771,0.004489626881938117,99.91666666666667,0.010000000000000002
42821,0.004497256995444851,99.91517857142857,0.010000000000000002
42872,0.003880436858162284,99.984375,0.010000000000000002
42922,0.004352806602837518,99.9765625,0.010000000000000002
42972,0.004124610917254662,99.96875,0.010000000000000002
43022,0.003959299222624395,99.97265625,0.010000000000000002
43072,0.004026678310707211,99.971875,0.010000000000000002
43122,0.003980481076675157,99.97135416666667,0.010000000000000002
43172,0.003928896278542067,99.97098214285714,0.010000000000000002
43223,0.0037575645733159036,99.953125,0.010000000000000002
43273,0.003779848164995201,99.9453125,0.010000000000000002
43323,0.0037488223530817775,99.95833333333333,0.010000000000000002
43373,0.003654555902467109,99.96484375,0.010000000000000002
43423,0.003843571868608706,99.95,0.010000000000000002
43473,0.004049352930839328,99.94270833333333,0.010000000000000002
43523,0.00393185229930428,99.94642857142857,0.010000000000000002
43574,0.004177438830956817,99.90625,0.010000000000000002
43624,0.004294445656705647,99.90625,0.010000000000000002
43674,0.004007055566180497,99.9375,0.010000000000000002
43724,0.004025811954343226,99.9375,0.010000000000000002
43774,0.004000350730028003,99.9375,0.010000000000000002
43824,0.003980759606929496,99.94270833333333,0.010000000000000002
43874,0.0038321428187191487,99.94866071428571,0.010000000000000002
43925,0.0033906872861552985,99.953125,0.010000000000000002
43975,0.0032613903676974587,99.96875,0.010000000000000002
44025,0.003435060035941812,99.96875,0.010000000000000002
44075,0.0036141885562392417,99.9609375,0.010000000000000002
44125,0.003639344667433761,99.959375,0.010000000000000002
44175,0.003782698837555169,99.95052083333333,0.010000000000000002
44225,0.003796288480267062,99.953125,0.010000000000000002
44276,0.004383590194629505,99.890625,0.010000000000000002
44326,0.004048392808181233,99.921875,0.010000000000000002
44376,0.004006430767476559,99.9375,0.010000000000000002
44426,0.003823688477277756,99.9453125,0.010000000000000002
44476,0.0036319369138218464,99.946875,0.010000000000000002
44526,0.003500557818915695,99.953125,0.010000000000000002
44576,0.003434740916293647,99.95758928571429,0.010000000000000002
44627,0.0028871031349990517,99.96875,0.010000000000000002
44677,0.002908363079186529,99.9765625,0.010000000000000002
44727,0.0028123183195323995,99.97395833333333,0.010000000000000002
44777,0.0029715555353322996,99.9765625,0.010000000000000002
44827,0.0029669737501535564,99.98125,0.010000000000000002
44877,0.003099944629551222,99.9765625,0.010000000000000002
44927,0.0031814365692636264,99.97321428571429,0.010000000000000002
44978,0.002994977671187371,100.0,0.010000000000000002
45028,0.0027997524713282472,100.0,0.010000000000000002
45078,0.0027817586198216303,100.0,0.010000000000000002
45128,0.0029453297817963174,99.984375,0.010000000000000002
45178,0.0029974023357499393,99.98125,0.010000000000000002
45228,0.0031937180160700033,99.96875,0.010000000000000002
45278,0.0031580398827125984,99.96875,0.010000000000000002
45329,0.003213327639969066,99.96875,0.010000000000000002
45379,0.003298059559892863,99.9609375,0.010000000000000002
45429,0.0032288771130455037,99.96875,0.010000000000000002
45479,0.0031740840594284237,99.96484375,0.010000000000000002
45529,0.0029942068587988616,99.971875,0.010000000000000002
45579,0.0031165277898738473,99.96614583333333,0.010000000000000002
45629,0.0031049045629333704,99.96875,0.010000000000000002
45680,0.0027970038878265767,99.953125,0.010000000000000002
45730,0.002637843544362113,99.9609375,0.010000000000000002
45780,0.00285670113710997,99.95833333333333,0.010000000000000002
45830,0.0029689005570253356,99.95703125,0.010000000000000002
45880,0.0030437869674060495,99.959375,0.010000000000000002
45930,0.002945880901922161,99.96354166666667,0.010000000000000002
45980,0.002973608964322401,99.96428571428571,0.010000000000000002
46031,0.0036280927481129764,99.953125,0.010000000000000002
46081,0.0029958692277432418,99.96875,0.010000000000000002
46131,0.0030078694342713184,99.96354166666667,0.010000000000000002
46181,0.0030921743366343433,99.9609375,0.010000000000000002
46231,0.0030659428314538674,99.9625,0.010000000000000002
46281,0.0030378557341949395,99.96875,0.010000000000000002
46331,0.003080421705547321,99.96651785714286,0.010000000000000002
46382,0.0030639238975709304,99.953125,0.010000000000000002
46432,0.0027581591755733827,99.9609375,0.010000000000000002
46482,0.0027195120748365297,99.96354166666667,0.010000000000000002
46532,0.002705966306530172,99.96875,0.010000000000000002
46582,0.0027674638674361632,99.971875,0.010000000000000002
46632,0.0029425559069689673,99.9609375,0.010000000000000002
46682,0.0030300489263442743,99.95982142857143,0.010000000000000002
46733,0.0034618155972566456,99.9375,0.010000000000000002
46783,0.0029069710534531624,99.96875,0.010000000000000002
46833,0.0028545755535985032,99.96875,0.010000000000000002
46883,0.0029690487959305755,99.96484375,0.010000000000000002
46933,0.003009130741469562,99.9625,0.010000000000000002
46983,0.003095563820291621,99.9609375,0.010000000000000002
47033,0.0030831023456994442,99.95758928571429,0.010000000000000002
47084,0.0027736385521711783,99.96875,0.010000000000000002
47134,0.0028218863185611553,99.9609375,0.010000000000000002
47184,0.0026957996668837345,99.96875,0.010000000000000002
47234,0.0030178042892657687,99.9609375,0.010000000000000002
47284,0.0029061808040132748,99.965625,0.010000000000000002
47334,0.002943503725206635,99.96875,0.010000000000000002
47384,0.002867547592697,99.97098214285714,0.010000000000000002
47435,0.003519426661077887,99.96875,0.010000000000000002
47485,0.0032748697546776382,99.96875,0.010000000000000002
47535,0.0029607646365184337,99.97916666666667,0.010000000000000002
47585,0.0029042092940653676,99.9765625,0.010000000000000002
47635,0.002757959036156535,99.98125,0.010000000000000002
47685,0.002868458795322416,99.97395833333333,0.010000000000000002
47735,0.0027962777534100624,99.97544642857143,0.010000000000000002
47786,0.0035503203998086975,99.921875,0.010000000000000002
47836,0.002948904310760554,99.9453125,0.010000000000000002
47886,0.0028412690046631423,99.953125,0.010000000000000002
47936,0.002837991599080851,99.953125,0.010000000000000002
47986,0.002740418754867278,99.959375,0.010000000000000002
48036,0.002748577016269943,99.95572916666667,0.010000000000000002
48086,0.0026809232900684168,99.96205357142857,0.010000000000000002
48137,0.002612275892170146,99.984375,0.010000000000000002
48187,0.0026949158258503304,99.9765625,0.010000000000000002
48237,0.0025537884534181407,99.97916666666667,0.010000000000000002
48287,0.0025553483073599637,99.9765625,0.010000000000000002
48337,0.0026376299927942455,99.971875,0.010000000000000002
48387,0.0026644285767300365,99.96875,0.010000000000000002
48437,0.0026390510267810894,99.97098214285714,0.010000000000000002
48488,0.0024865318753290924,99.984375,0.010000000000000002
48538,0.0025674169638659804,99.96875,0.010000000000000002
48588,0.002342480522347614,99.97395833333333,0.010000000000000002
48638,0.0023846124942065216,99.96875,0.010000000000000002
48688,0.0024690979474689813,99.96875,0.010000000000000002
48738,0.002458610080454188,99.97135416666667,0.010000000000000002
48788,0.002452609723799729,99.97321428571429,0.010000000000000002
48839,0.0023416305490536614,99.96875,0.010000000000000002
48889,0.0023504049857729116,99.9765625,0.010000000000000002
48939,0.0024945142310267934,99.96354166666667,0.010000000000000002
48989,0.0025017760921036826,99.96484375,0.010000000000000002
49039,0.00239505585830193,99.96875,0.010000000000000002
49089,0.002334581807469173,99.97395833333333,0.010000000000000002
49139,0.0023265931321241494,99.97767857142857,0.010000000000000002
49190,0.0027122824406251313,99.953125,0.010000000000000002
49240,0.002420015876123216,99.96875,0.010000000000000002
49290,0.002286800505244173,99.97395833333333,0.010000000000000002
49340,0.00222555410276982,99.98046875,0.010000000000000002
49390,0.002174739330657758,99.98125,0.010000000000000002
49440,0.0022183227787415188,99.98177083333333,0.010000000000000002
49490,0.0022057093097828328,99.984375,0.010000000000000002
49541,0.0020016036252491175,99.984375,0.010000000000000002
49591,0.0022008869604906067,99.984375,0.010000000000000002
49641,0.0022252321468355755,99.984375,0.010000000000000002
49691,0.002156745690735988,99.98828125,0.010000000000000002
49741,0.0021642613974399865,99.990625,0.010000000000000002
49791,0.0022210638384179524,99.984375,0.010000000000000002
49841,0.0023069057494701285,99.97991071428571,0.010000000000000002
49892,0.002170628181193024,99.96875,0.010000000000000002
49942,0.002076824675896205,99.9765625,0.010000000000000002
49992,0.002061177653959021,99.97395833333333,0.010000000000000002
50042,0.002063303690229077,99.9765625,0.010000000000000002
50092,0.0020236525589134545,99.978125,0.010000000000000002
50142,0.0021664575052758057,99.97395833333333,0.010000000000000002
50192,0.0022051272878888997,99.97321428571429,0.010000000000000002
50243,0.0020282269432209434,100.0,0.010000000000000002
50293,0.0023618985788198188,99.984375,0.010000000000000002
50343,0.002113013069028966,99.98958333333333,0.010000000000000002
50393,0.002118014782463433,99.9921875,0.010000000000000002
50443,0.0021124244650127365,99.990625,0.010000000000000002
50493,0.0020596467880144094,99.98958333333333,0.010000000000000002
50543,0.002073020091296972,99.98883928571429,0.010000000000000002
50594,0.0022894912638003004,100.0,0.010000000000000002
50644,0.0023975469268043524,99.984375,0.010000000000000002
50694,0.0025243816934137917,99.97916666666667,0.010000000000000002
50744,0.0024254621734144167,99.98046875,0.010000000000000002
50794,0.0023661128617823123,99.98125,0.010000000000000002
50844,0.0023533649430949786,99.98177083333333,0.010000000000000002
50894,0.0024810626733441105,99.97544642857143,0.010000000000000002
50945,0.0021396480582188816,99.96875,0.010000000000000002
50995,0.002356556740414817,99.9609375,0.010000000000000002
51045,0.002311836924442711,99.96875,0.010000000000000002
51095,0.00222225865785731,99.97265625,0.010000000000000002
51145,0.002175116953556426,99.975,0.010000000000000002
51195,0.002179536612529773,99.97916666666667,0.010000000000000002
51245,0.0021070357201720723,99.98214285714286,0.010000000000000002
51296,0.0020037762116407974,99.984375,0.010000000000000002
51346,0.00204266947315773,99.984375,0.010000000000000002
51396,0.002092238768042686,99.97916666666667,0.010000000000000002
51446,0.0020714310037146786,99.984375,0.010000000000000002
51496,0.0020973432103637605,99.98125,0.010000000000000002
51546,0.0020602274717142184,99.984375,0.010000000000000002
51596,0.0020391280609848243,99.98660714285714,0.010000000000000002
51647,0.001951406150474213,99.96875,0.010000000000000002
51697,0.0021090590945095754,99.9609375,0.010000000000000002
51747,0.002047942333544294,99.96875,0.010000000000000002
51797,0.0021149699648958633,99.96875,0.010000000000000002
51847,0.0021039784152526407,99.971875,0.010000000000000002
51897,0.0021560167074009466,99.97395833333333,0.010000000000000002
51947,0.002220977903510045,99.97544642857143,0.010000000000000002
51998,0.0017726360133383423,100.0,0.010000000000000002
52048,0.0019279459142126144,100.0,0.010000000000000002
52098,0.0020587238917748134,99.99479166666667,0.010000000000000002
52148,0.002107558734569466,99.984375,0.010000000000000002
52198,0.0021247466944623737,99.98125,0.010000000000000002
52248,0.002237100819280992,99.97395833333333,0.010000000000000002
52298,0.002175962185636828,99.97767857142857,0.010000000000000002
52349,0.0018949148972751573,99.984375,0.010000000000000002
52399,0.001962816238810774,99.9765625,0.010000000000000002
52449,0.0020226757963731266,99.97916666666667,0.010000000000000002
52499,0.001954886162857292,99.984375,0.010000000000000002
52549,0.0019521493864012882,99.98125,0.010000000000000002
52599,0.00201220924674999,99.98177083333333,0.010000000000000002
52649,0.0020603902242146434,99.97767857142857,0.010000000000000002
52700,0.0024773074930999426,99.96875,0.0010000000000000002
52750,0.0022687051782850176,99.9765625,0.0010000000000000002
52800,0.0020826409109092007,99.984375,0.0010000000000000002
52850,0.0019916815795295406,99.98828125,0.0010000000000000002
52900,0.0020177529043285177,99.9875,0.0010000000000000002
52950,0.001995526947527348,99.98697916666667,0.0010000000000000002
53000,0.0019698093238652552,99.98660714285714,0.0010000000000000002
53051,0.0017946237052092328,100.0,0.0010000000000000002
53101,0.0017307839696877635,99.9921875,0.0010000000000000002
53151,0.0019612993327124666,99.984375,0.0010000000000000002
53201,0.0021830989985028282,99.97265625,0.0010000000000000002
53251,0.002135444016428664,99.978125,0.0010000000000000002
53301,0.0020713356323540212,99.98177083333333,0.0010000000000000002
53351,0.002052749578724615,99.98214285714286,0.0010000000000000002
53402,0.0020387078379280866,99.96875,0.0010000000000000002
53452,0.0016847260054782965,99.984375,0.0010000000000000002
53502,0.001879786010540556,99.97916666666667,0.0010000000000000002
53552,0.001842972512167762,99.98046875,0.0010000000000000002
53602,0.0018409350169240498,99.98125,0.0010000000000000002
53652,0.0017903339243396962,99.984375,0.0010000000000000002
53702,0.0017540374516725674,99.984375,0.0010000000000000002
53753,0.0014572101662633941,100.0,0.0010000000000000002
53803,0.0014949427923420444,100.0,0.0010000000000000002
53853,0.0018364743832110738,99.984375,0.0010000000000000002
53903,0.0018455153371905908,99.98828125,0.0010000000000000002
53953,0.0018839113493449985,99.984375,0.0010000000000000002
54003,0.0018750793758469323,99.98697916666667,0.0010000000000000002
54053,0.0019041989306320568,99.98660714285714,0.0010000000000000002
54104,0.0021153391851112245,99.96875,0.0010000000000000002
54154,0.002078567454882432,99.984375,0.0010000000000000002
54204,0.001836029183274756,99.98958333333333,0.0010000000000000002
54254,0.0017157421198498923,99.9921875,0.0010000000000000002
54304,0.0018334461455233395,99.99375,0.0010000000000000002
54354,0.0018442208613851107,99.99479166666667,0.0010000000000000002
54404,0.00196831552004109,99.98883928571429,0.0010000000000000002
54455,0.0016008532105479388,100.0,0.0010000000000000002
54505,0.0017026091893785633,99.984375,0.0010000000000000002
54555,0.0017470230466763799,99.984375,0.0010000000000000002
54605,0.0017869858286576345,99.984375,0.0010000000000000002
54655,0.0017945717927068472,99.9875,0.0010000000000000002
54705,0.001686049028163931,99.98958333333333,0.0010000000000000002
54755,0.0017210091991416577,99.98883928571429,0.0010000000000000002
54806,0.001657432242645882,100.0,0.0010000000000000002
54856,0.0018699344096239656,99.9765625,0.0010000000000000002
54906,0.001748705415132766,99.984375,0.0010000000000000002
54956,0.001803205246833386,99.98046875,0.0010000000000000002
55006,0.001699167204205878,99.984375,0.0010000000000000002
55056,0.0017616876609584627,99.98697916666667,0.0010000000000000002
55106,0.001806374172530403,99.984375,0.0010000000000000002
55157,0.0017614957276964561,100.0,0.0010000000000000002
55207,0.0019802516989875585,99.9765625,0.0010000000000000002
55257,0.002020820628774042,99.984375,0.0010000000000000002
55307,0.0019386108993785455,99.98828125,0.0010000000000000002
55357,0.0019309994351351634,99.984375,0.0010000000000000002
55407,0.0018581904858001508,99.98697916666667,0.0010000000000000002
55457,0.0018414469055798171,99.98883928571429,0.0010000000000000002
55508,0.0013327462755842135,100.0,0.0010000000000000002
55558,0.0012616800135583617,100.0,0.0010000000000000002
55608,0.0014654670845872413,99.99479166666667,0.0010000000000000002
55658,0.0015093537943903356,99.9921875,0.0010000000000000002
55708,0.0016116436650045216,99.990625,0.0010000000000000002
55758,0.0016721398340693364,99.98958333333333,0.0010000000000000002
55808,0.00165430610409073,99.99107142857143,0.0010000000000000002
55859,0.0016513937152922153,99.96875,0.0010000000000000002
55909,0.0014257238432765008,99.984375,0.0010000000000000002
55959,0.0014637325316046675,99.98958333333333,0.0010000000000000002
56009,0.0015490636095637457,99.9921875,0.0010000000000000002
56059,0.0017302484113606625,99.990625,0.0010000000000000002
56109,0.0017612334254954475,99.98958333333333,0.0010000000000000002
56159,0.0018461856938249963,99.984375,0.0010000000000000002
56210,0.00185305005783448,99.984375,0.0010000000000000002
56260,0.0020535723854845857,99.984375,0.0010000000000000002
56310,0.0018230615945261282,99.98958333333333,0.0010000000000000002
56360,0.0017742685192934005,99.9921875,0.0010000000000000002
56410,0.001754828275355976,99.990625,0.0010000000000000002
56460,0.0017743005043788192,99.98958333333333,0.0010000000000000002
56510,0.001755401067951295,99.99107142857143,0.0010000000000000002
56561,0.0017679318418959155,99.953125,0.0010000000000000002
56611,0.0020277637607068757,99.96875,0.0010000000000000002
56661,0.0019106747153758382,99.97395833333333,0.0010000000000000002
56711,0.001884144209616352,99.9765625,0.0010000000000000002
56761,0.0018151050278684125,99.98125,0.0010000000000000002
56811,0.0018058986217753651,99.984375,0.0010000000000000002
56861,0.0018126233882503585,99.98660714285714,0.0010000000000000002
56912,0.002053230280871503,99.96875,0.0010000000000000002
56962,0.0019372843747260048,99.9765625,0.0010000000000000002
57012,0.0018079815133629988,99.97916666666667,0.0010000000000000002
57062,0.0017020497635530773,99.98046875,0.0010000000000000002
57112,0.0017222414705902339,99.984375,0.0010000000000000002
57162,0.001715707634963716,99.98697916666667,0.0010000000000000002
57212,0.0017285612961443673,99.98660714285714,0.0010000000000000002
57263,0.0013792823406402021,100.0,0.0010000000000000002
57313,0.001601268246595282,99.9921875,0.0010000000000000002
57363,0.0015419014199869708,99.99479166666667,0.0010000000000000002
57413,0.0016588625220174435,99.9921875,0.0010000000000000002
57463,0.0016446400213753804,99.99375,0.0010000000000000002
57513,0.0016059576101542915,99.99479166666667,0.0010000000000000002
57563,0.001643175957766029,99.99330357142857,0.0010000000000000002
57614,0.0016904012096347286,99.984375,0.0010000000000000002
57664,0.0016071520253899507,99.9921875,0.0010000000000000002
57714,0.001587343384162523,99.99479166666667,0.0010000000000000002
57764,0.0016476774960756302,99.9921875,0.0010000000000000002
57814,0.0016582411838462576,99.990625,0.0010000000000000002
57864,0.0017167985170575169,99.98958333333333,0.0010000000000000002
57914,0.0017364572858371372,99.98883928571429,0.0010000000000000002
57965,0.001556055280379951,100.0,0.0010000000000000002
58015,0.001605661618814338,99.9921875,0.0010000000000000002
58065,0.0015656850636393453,99.99479166666667,0.0010000000000000002
58115,0.00161811648926232,99.9921875,0.0010000000000000002
58165,0.0016598620896693319,99.990625,0.0010000000000000002
58215,0.0018285224734184643,99.97916666666667,0.0010000000000000002
58265,0.0018614494378146316,99.97544642857143,0.0010000000000000002
58316,0.002455839699250646,99.984375,0.0010000000000000002
58366,0.002140030922018923,99.984375,0.0010000000000000002
58416,0.0019788408873137086,99.98958333333333,0.0010000000000000002
58466,0.0018966909965092782,99.9921875,0.0010000000000000002
58516,0.0018579096492612735,99.99375,0.0010000000000000002
58566,0.0017937961895950138,99.99479166666667,0.0010000000000000002
58616,0.0017816002163869727,99.99330357142857,0.0010000000000000002
58667,0.0015383947576628999,99.984375,0.0010000000000000002
58717,0.0017692316515604033,99.9921875,0.0010000000000000002
58767,0.0017191789947294941,99.99479166666667,0.0010000000000000002
58817,0.0016496369476953986,99.9921875,0.0010000000000000002
58867,0.0016185796393547206,99.99375,0.0010000000000000002
58917,0.0017109883752224656,99.98958333333333,0.0010000000000000002
58967,0.0017294738429232633,99.99107142857143,0.0010000000000000002
59018,0.0017813079012557863,100.0,0.0010000000000000002
59068,0.001647224708867725,100.0,0.0010000000000000002
59118,0.0017984422044052433,99.984375,0.0010000000000000002
59168,0.0018287572982080746,99.984375,0.0010000000000000002
59218,0.0017398891334887594,99.984375,0.0010000000000000002
59268,0.001764678921123656,99.984375,0.0010000000000000002
59318,0.0017421469605843802,99.98660714285714,0.0010000000000000002
59369,0.0016862579068401828,99.984375,0.0010000000000000002
59419,0.0017651974360342138,99.9921875,0.0010000000000000002
59469,0.0017596350084446992,99.98958333333333,0.0010000000000000002
59519,0.0017391686687187758,99.9921875,0.0010000000000000002
59569,0.0017532773810671643,99.990625,0.0010000000000000002
59619,0.0017012890536958973,99.9921875,0.0010000000000000002
59669,0.001679487543380154,99.99330357142857,0.0010000000000000002
59720,0.0014889410225441678,100.0,0.0010000000000000002
59770,0.0016024259934783913,99.9921875,0.0010000000000000002
59820,0.0016343846375821158,99.99479166666667,0.0010000000000000002
59870,0.0016268393155769445,99.99609375,0.0010000000000000002
59920,0.001649095035623759,99.99375,0.0010000000000000002
59970,0.0016237576303925986,99.9921875,0.0010000000000000002
60020,0.0015844913015774051,99.99330357142857,0.0010000000000000002
60071,0.0016213400015840306,99.984375,0.0010000000000000002
60121,0.0015764653639052995,99.9921875,0.0010000000000000002
60171,0.0015059351581536854,99.99479166666667,0.0010000000000000002
60221,0.0016234560441807844,99.98828125,0.0010000000000000002
60271,0.0015946423282148317,99.990625,0.0010000000000000002
60321,0.001605371558883538,99.9921875,0.0010000000000000002
60371,0.001639671942851107,99.99107142857143,0.0010000000000000002
60422,0.0015940359415253624,100.0,0.0010000000000000002
60472,0.0017399305853177793,99.9921875,0.0010000000000000002
60522,0.0016920387297674703,99.99479166666667,0.0010000000000000002
60572,0.00162945129959553,99.99609375,0.0010000000000000002
60622,0.0016927671295707113,99.99375,0.0010000000000000002
60672,0.0016390292429423426,99.99479166666667,0.0010000000000000002
60722,0.0016473018435811224,99.99330357142857,0.0010000000000000002
60773,0.001408675245475024,100.0,0.0010000000000000002
60823,0.0015124090301105752,100.0,0.0010000000000000002
60873,0.00160054098678908,99.99479166666667,0.0010000000000000002
60923,0.001580765519902343,99.9921875,0.0010000000000000002
60973,0.0016513908434426412,99.990625,0.0010000000000000002
61023,0.0016439193462914165,99.9921875,0.0010000000000000002
61073,0.0015850229151380647,99.99330357142857,0.0010000000000000002
61124,0.0015628048349753954,100.0,0.0010000000000000002
61174,0.0016496149341401179,99.9921875,0.0010000000000000002
61224,0.0018000764715058418,99.99479166666667,0.0010000000000000002
61274,0.0017541617228562245,99.99609375,0.0010000000000000002
61324,0.0016792129673413002,99.996875,0.0010000000000000002
61374,0.0016971464874222875,99.99479166666667,0.0010000000000000002
61424,0.0016840911079530738,99.99330357142857,0.0010000000000000002
61475,0.0015653206960996612,100.0,0.0010000000000000002
61525,0.0014556731926859356,100.0,0.0010000000000000002
61575,0.0014623369784870495,100.0,0.0010000000000000002
61625,0.0015375598926038946,99.99609375,0.0010000000000000002
61675,0.0015967849068110808,99.99375,0.0010000000000000002
61725,0.0016289212792374504,99.99479166666667,0.0010000000000000002
61775,0.0016417100551604693,99.99553571428571,0.0010000000000000002
61826,0.0015005064278375358,99.984375,0.0010000000000000002
61876,0.0014910912219784223,99.9921875,0.0010000000000000002
61926,0.0016616528818849475,99.984375,0.0010000000000000002
61976,0.0016671832298015942,99.98828125,0.0010000000000000002
62026,0.0017494646870181896,99.9875,0.0010000000000000002
62076,0.0017387194108353773,99.98697916666667,0.0010000000000000002
62126,0.0017953000033906262,99.98660714285714,0.0010000000000000002
62177,0.0016939492448000237,99.984375,0.0010000000000000002
62227,0.0015902199753327294,99.9921875,0.0010000000000000002
62277,0.0015386330297527213,99.99479166666667,0.0010000000000000002
62327,0.0016048410256917123,99.9921875,0.0010000000000000002
62377,0.0015980100983288138,99.99375,0.0010000000000000002
62427,0.0015912281157216058,99.99479166666667,0.0010000000000000002
62477,0.0015916023529799921,99.99553571428571,0.0010000000000000002
62528,0.0015373754396568985,100.0,0.0010000000000000002
62578,0.0015101493780093733,99.9921875,0.0010000000000000002
62628,0.0015692812298463347,99.984375,0.0010000000000000002
62678,0.0015564223000546918,99.98828125,0.0010000000000000002
62728,0.0015166367159690707,99.990625,0.0010000000000000002
62778,0.0015378730489950007,99.98958333333333,0.0010000000000000002
62828,0.00156221057404764,99.99107142857143,0.0010000000000000002
62879,0.0016387377132195979,100.0,0.0010000000000000002
62929,0.0017606745279044845,99.9921875,0.0010000000000000002
62979,0.0017679333618919675,99.984375,0.0010000000000000002
63029,0.00172223047571606,99.98828125,0.0010000000000000002
63079,0.001742330932058394,99.9875,0.0010000000000000002
63129,0.0016981588599446695,99.98958333333333,0.0010000000000000002
63179,0.001662328371769815,99.99107142857143,0.0010000000000000002
63230,0.0017427821128512733,99.984375,0.0010000000000000002
63280,0.001561003154347418,99.9921875,0.0010000000000000002
63330,0.0015176765132734241,99.99479166666667,0.0010000000000000002
63380,0.0015002576803817647,99.9921875,0.0010000000000000002
63430,0.0014846994944964535,99.99375,0.0010000000000000002
63480,0.0015216812963384048,99.9921875,0.0010000000000000002
63530,0.0014812674198765308,99.99330357142857,0.0010000000000000002
63581,0.0015793277171906083,100.0,0.0010000000000000002
63631,0.0016117646099883132,99.9921875,0.0010000000000000002
63681,0.0015692822122946382,99.99479166666667,0.0010000000000000002
63731,0.0015482397143205162,99.99609375,0.0010000000000000002
63781,0.001573979713837616,99.996875,0.0010000000000000002
63831,0.0015709392655602035,99.99739583333333,0.0010000000000000002
63881,0.0015701199031900614,99.99776785714286,0.0010000000000000002
63932,0.0018856400641379877,99.984375,0.0010000000000000002
63982,0.0017039102225680836,99.9921875,0.0010000000000000002
64032,0.0018185986820996429,99.99479166666667,0.0010000000000000002
64082,0.0017678110190900043,99.99609375,0.0010000000000000002
64132,0.0017970063514076173,99.99375,0.0010000000000000002
64182,0.0017749347231195618,99.9921875,0.0010000000000000002
64232,0.001808011672027143,99.98883928571429,0.0010000000000000002
64283,0.002013074728893116,99.96875,0.0010000000000000002
64333,0.0018562909911270253,99.9765625,0.0010000000000000002
64383,0.0017606526921736076,99.984375,0.0010000000000000002
64433,0.001789044334582286,99.984375,0.0010000000000000002
64483,0.0017251778262434528,99.984375,0.0010000000000000002
64533,0.0016628692052715148,99.98697916666667,0.0010000000000000002
64583,0.0016422087269269729,99.98660714285714,0.0010000000000000002
64634,0.0016591558081563561,99.984375,0.0010000000000000002
64684,0.0019963144636130892,99.9765625,0.0010000000000000002
64734,0.0018879411660600455,99.97916666666667,0.0010000000000000002
64784,0.0018248015840072185,99.98046875,0.0010000000000000002
64834,0.0017429480636492372,99.984375,0.0010000000000000002
64884,0.0017695830469407763,99.984375,0.0010000000000000002
64934,0.0017539855152634638,99.98660714285714,0.0010000000000000002
64985,0.0016868291795253754,100.0,0.0010000000000000002
65035,0.001982469533686526,99.984375,0.0010000000000000002
65085,0.0017381197092860626,99.98958333333333,0.0010000000000000002
65135,0.001852665362021071,99.98828125,0.0010000000000000002
65185,0.0017622310673468746,99.990625,0.0010000000000000002
65235,0.0017838611042922518,99.9921875,0.0010000000000000002
65285,0.0017362098363810218,99.99107142857143,0.0010000000000000002
65336,0.0015701413832721301,99.984375,0.0010000000000000002
65386,0.0016724203695775942,99.9765625,0.0010000000000000002
65436,0.001710431760875508,99.984375,0.0010000000000000002
65486,0.0017079755371378269,99.984375,0.0010000000000000002
65536,0.0016629791654413566,99.984375,0.0010000000000000002
65586,0.0016421403245961603,99.984375,0.0010000000000000002
65636,0.0016520947320636228,99.984375,0.0010000000000000002
65687,0.0014011934108566493,99.984375,0.0010000000000000002
65737,0.0014935182014596648,99.9921875,0.0010000000000000002
65787,0.0014905723007783915,99.98958333333333,0.0010000000000000002
65837,0.0015665407539927402,99.98828125,0.0010000000000000002
65887,0.0015657322070910596,99.990625,0.0010000000000000002
65937,0.0015512328907789196,99.9921875,0.0010000000000000002
65987,0.001554554711952473,99.99330357142857,0.0010000000000000002
66038,0.001381341106025502,100.0,0.0010000000000000002
66088,0.0015209050680277869,99.9921875,0.0010000000000000002
66138,0.0017601738532539457,99.984375,0.0010000000000000002
66188,0.0016693280824983958,99.98828125,0.0010000000000000002
66238,0.0017196860056137666,99.9875,0.0010000000000000002
66288,0.0017119516387659435,99.98697916666667,0.0010000000000000002
66338,0.001631584628984066,99.98883928571429,0.0010000000000000002
66389,0.0010952449194155634,100.0,0.0010000000000000002
66439,0.001501080018351786,99.9921875,0.0010000000000000002
66489,0.0014924009730263304,99.99479166666667,0.0010000000000000002
66539,0.0014868010095960926,99.9921875,0.0010000000000000002
66589,0.0015563606107607483,99.99375,0.0010000000000000002
66639,0.0015357088713305227,99.99479166666667,0.0010000000000000002
66689,0.0015461598788637535,99.99553571428571,0.0010000000000000002
66740,0.0017465107218595222,100.0,0.0010000000000000002
66790,0.0016400884930044414,99.9921875,0.0010000000000000002
66840,0.0016226625659813484,99.99479166666667,0.0010000000000000002
66890,0.0016552390340075363,99.9921875,0.0010000000000000002
66940,0.0016334813644643873,99.990625,0.0010000000000000002
66990,0.0017039339973901708,99.98958333333333,0.0010000000000000002
67040,0.0016454798891209065,99.99107142857143,0.0010000000000000002
67091,0.0013361124286893754,100.0,0.0010000000000000002
67141,0.0013760425875079818,99.9921875,0.0010000000000000002
67191,0.00145185772019128,99.98958333333333,0.0010000000000000002
67241,0.0014702231983392267,99.98828125,0.0010000000000000002
67291,0.0014023964689695277,99.990625,0.0010000000000000002
67341,0.001432482485397486,99.9921875,0.0010000000000000002
67391,0.00149655434124205,99.99107142857143,0.0010000000000000002
67442,0.0011845716822426766,100.0,0.0010000000000000002
67492,0.001410768009372987,100.0,0.0010000000000000002
67542,0.0014308858094348883,99.98958333333333,0.0010000000000000002
67592,0.001452363189891912,99.9921875,0.0010000000000000002
67642,0.0014782992850523441,99.990625,0.0010000000000000002
67692,0.0015689931365583712,99.98697916666667,0.0010000000000000002
67742,0.0015516598671092652,99.98883928571429,0.0010000000000000002
67793,0.0017267334792995825,100.0,0.0010000000000000002
67843,0.0018420096776389982,99.9765625,0.0010000000000000002
67893,0.001813983541505877,99.97916666666667,0.0010000000000000002
67943,0.0018474638384213904,99.98046875,0.0010000000000000002
67993,0.001834473276801873,99.978125,0.0010000000000000002
68043,0.0018101967801824987,99.97916666666667,0.0010000000000000002
68093,0.0017578718980491561,99.97991071428571,0.0010000000000000002
68144,0.001455774736823514,100.0,0.0010000000000000002
68194,0.00187771252123639,99.9921875,0.0010000000000000002
68244,0.001877670680405572,99.98958333333333,0.0010000000000000002
68294,0.0017685662387521006,99.9921875,0.0010000000000000002
68344,0.0017469396084779873,99.99375,0.0010000000000000002
68394,0.0016925653466023504,99.99479166666667,0.0010000000000000002
68444,0.001666792886431462,99.99553571428571,0.0010000000000000002
68495,0.0014563341985922307,100.0,0.0010000000000000002
68545,0.0014295822512940504,100.0,0.0010000000000000002
68595,0.0013693705565916996,100.0,0.0010000000000000002
68645,0.0014565435108670499,99.99609375,0.0010000000000000002
68695,0.001589617894613184,99.990625,0.0010000000000000002
68745,0.0015360018457189048,99.9921875,0.0010000000000000002
68795,0.0015425081282072434,99.99330357142857,0.0010000000000000002
68846,0.0013262224971549586,100.0,0.0010000000000000002
68896,0.0012799340923083946,100.0,0.0010000000000000002
68946,0.0014094842987833545,100.0,0.0010000000000000002
68996,0.0014652717180433682,99.99609375,0.0010000000000000002
69046,0.0014277891106321476,99.996875,0.0010000000000000002
69096,0.0014193813746775656,99.99479166666667,0.0010000000000000002
69146,0.0014401012997924615,99.99553571428571,0.0010000000000000002
69197,0.0011140273761702701,100.0,0.0010000000000000002
69247,0.0017632695777865593,99.984375,0.0010000000000000002
69297,0.0016523956521996297,99.98958333333333,0.0010000000000000002
69347,0.0015078630555217388,99.9921875,0.0010000000000000002
69397,0.0014854049466666765,99.99375,0.0010000000000000002
69447,0.0016084650717190622,99.9921875,0.0010000000000000002
69497,0.001581348911484903,99.99330357142857,0.0010000000000000002
69548,0.0015520774258766324,99.984375,0.0010000000000000002
69598,0.0014273886021692306,99.984375,0.0010000000000000002
69648,0.0014767398268062,99.984375,0.0010000000000000002
69698,0.001454803745727986,99.98828125,0.0010000000000000002
69748,0.0014168316401774064,99.990625,0.0010000000000000002
69798,0.0014310501130724636,99.9921875,0.0010000000000000002
69848,0.0014263297057810372,99.99330357142857,0.0010000000000000002
69899,0.0012809308711439372,100.0,0.0010000000000000002
69949,0.001383950424788054,100.0,0.0010000000000000002
69999,0.001540968557431673,99.99479166666667,0.0010000000000000002
70049,0.001547970384126529,99.99609375,0.0010000000000000002
70099,0.0016171074368758127,99.990625,0.0010000000000000002
70149,0.0015854325007724887,99.9921875,0.0010000000000000002
70199,0.0016032283804712018,99.99330357142857,0.0010000000000000002
