epoch,layer,grad_norm
1,stem.0,0.1416378915309906
1,blocks.0.conv1,0.09901124984025955
1,blocks.0.conv2,0.08709597587585449
1,blocks.1.conv1,0.0808221772313118
1,blocks.1.conv2,0.06871716678142548
1,blocks.2.conv1,0.05312448367476463
1,blocks.2.conv2,0.048852622509002686
1,blocks.3.conv1,0.047656599432229996
1,blocks.3.conv2,0.04804830253124237
1,mean_conv2d_grad_norm,0.07499627437856463
2,stem.0,0.9353085160255432
2,blocks.0.conv1,0.8120496869087219
2,blocks.0.conv2,0.7952808737754822
2,blocks.1.conv1,0.7426770925521851
2,blocks.1.conv2,0.6674380302429199
2,blocks.2.conv1,0.5597863793373108
2,blocks.2.conv2,0.455435186624527
2,blocks.3.conv1,0.34587159752845764
2,blocks.3.conv2,0.3141562342643738
2,mean_conv2d_grad_norm,0.6253337330288358
3,stem.0,0.5792214870452881
3,blocks.0.conv1,0.5365646481513977
3,blocks.0.conv2,0.563420832157135
3,blocks.1.conv1,0.5814285278320312
3,blocks.1.conv2,0.4946037530899048
3,blocks.2.conv1,0.4778551161289215
3,blocks.2.conv2,0.4136696457862854
3,blocks.3.conv1,0.35548311471939087
3,blocks.3.conv2,0.3476499617099762
3,mean_conv2d_grad_norm,0.4833218985133701
4,stem.0,0.6281649470329285
4,blocks.0.conv1,0.4852959215641022
4,blocks.0.conv2,0.45567235350608826
4,blocks.1.conv1,0.4460684359073639
4,blocks.1.conv2,0.35119783878326416
4,blocks.2.conv1,0.3198910355567932
4,blocks.2.conv2,0.27031010389328003
4,blocks.3.conv1,0.22596783936023712
4,blocks.3.conv2,0.22501197457313538
4,mean_conv2d_grad_norm,0.37862005001968807
5,stem.0,0.4405573010444641
5,blocks.0.conv1,0.37895897030830383
5,blocks.0.conv2,0.407869815826416
5,blocks.1.conv1,0.3989579677581787
5,blocks.1.conv2,0.3393613398075104
5,blocks.2.conv1,0.30803078413009644
5,blocks.2.conv2,0.2592298090457916
5,blocks.3.conv1,0.21272802352905273
5,blocks.3.conv2,0.2019820213317871
5,mean_conv2d_grad_norm,0.32751955919795567
6,stem.0,0.3608916699886322
6,blocks.0.conv1,0.2997039556503296
6,blocks.0.conv2,0.3348374664783478
6,blocks.1.conv1,0.36195188760757446
6,blocks.1.conv2,0.32026830315589905
6,blocks.2.conv1,0.3066679537296295
6,blocks.2.conv2,0.2612760663032532
6,blocks.3.conv1,0.23452970385551453
6,blocks.3.conv2,0.21277295053005219
6,mean_conv2d_grad_norm,0.2992111063665814
7,stem.0,0.31493744254112244
7,blocks.0.conv1,0.3046262860298157
7,blocks.0.conv2,0.32858335971832275
7,blocks.1.conv1,0.32006192207336426
7,blocks.1.conv2,0.28135553002357483
7,blocks.2.conv1,0.2626816928386688
7,blocks.2.conv2,0.248094841837883
7,blocks.3.conv1,0.2189219743013382
7,blocks.3.conv2,0.18520306050777435
7,mean_conv2d_grad_norm,0.2738295677635405
8,stem.0,0.29496803879737854
8,blocks.0.conv1,0.278673380613327
8,blocks.0.conv2,0.3235667645931244
8,blocks.1.conv1,0.33848246932029724
8,blocks.1.conv2,0.30713966488838196
8,blocks.2.conv1,0.28785064816474915
8,blocks.2.conv2,0.2524997293949127
8,blocks.3.conv1,0.24073109030723572
8,blocks.3.conv2,0.21931715309619904
8,mean_conv2d_grad_norm,0.28258099324173397
9,stem.0,0.2608806788921356
9,blocks.0.conv1,0.2999641001224518
9,blocks.0.conv2,0.3178452253341675
9,blocks.1.conv1,0.32543328404426575
9,blocks.1.conv2,0.3065863847732544
9,blocks.2.conv1,0.2812141180038452
9,blocks.2.conv2,0.25027716159820557
9,blocks.3.conv1,0.2262113392353058
9,blocks.3.conv2,0.18349295854568481
9,mean_conv2d_grad_norm,0.27243391672770184
10,stem.0,0.3771663010120392
10,blocks.0.conv1,0.31586769223213196
10,blocks.0.conv2,0.32676783204078674
10,blocks.1.conv1,0.32381471991539
10,blocks.1.conv2,0.2988849878311157
10,blocks.2.conv1,0.2886252701282501
10,blocks.2.conv2,0.23915132880210876
10,blocks.3.conv1,0.20892956852912903
10,blocks.3.conv2,0.15792344510555267
10,mean_conv2d_grad_norm,0.2819034606218338
11,stem.0,0.23223406076431274
11,blocks.0.conv1,0.26220494508743286
11,blocks.0.conv2,0.31176701188087463
11,blocks.1.conv1,0.30546608567237854
11,blocks.1.conv2,0.282790869474411
11,blocks.2.conv1,0.28357994556427
11,blocks.2.conv2,0.26382866501808167
11,blocks.3.conv1,0.24616551399230957
11,blocks.3.conv2,0.2018011510372162
11,mean_conv2d_grad_norm,0.2655375831656986
12,stem.0,0.2105705589056015
12,blocks.0.conv1,0.2855220139026642
12,blocks.0.conv2,0.31122875213623047
12,blocks.1.conv1,0.3135393559932709
12,blocks.1.conv2,0.289162278175354
12,blocks.2.conv1,0.2652629017829895
12,blocks.2.conv2,0.21365027129650116
12,blocks.3.conv1,0.19831757247447968
12,blocks.3.conv2,0.1700703203678131
12,mean_conv2d_grad_norm,0.2508137805594338
13,stem.0,0.20500996708869934
13,blocks.0.conv1,0.23898190259933472
13,blocks.0.conv2,0.2738804221153259
13,blocks.1.conv1,0.2724362015724182
13,blocks.1.conv2,0.25398319959640503
13,blocks.2.conv1,0.22986893355846405
13,blocks.2.conv2,0.19068889319896698
13,blocks.3.conv1,0.16464471817016602
13,blocks.3.conv2,0.13848170638084412
13,mean_conv2d_grad_norm,0.21866399380895826
14,stem.0,0.1994783580303192
14,blocks.0.conv1,0.2762146294116974
14,blocks.0.conv2,0.31979385018348694
14,blocks.1.conv1,0.3285505473613739
14,blocks.1.conv2,0.2840298116207123
14,blocks.2.conv1,0.2717799246311188
14,blocks.2.conv2,0.23250247538089752
14,blocks.3.conv1,0.2216641753911972
14,blocks.3.conv2,0.185386061668396
14,mean_conv2d_grad_norm,0.25771109263102215
15,stem.0,0.18650180101394653
15,blocks.0.conv1,0.27034053206443787
15,blocks.0.conv2,0.3273201882839203
15,blocks.1.conv1,0.3466014266014099
15,blocks.1.conv2,0.30077075958251953
15,blocks.2.conv1,0.28098154067993164
15,blocks.2.conv2,0.23231975734233856
15,blocks.3.conv1,0.21348527073860168
15,blocks.3.conv2,0.16149893403053284
15,mean_conv2d_grad_norm,0.25775780114862656
16,stem.0,0.5220427513122559
16,blocks.0.conv1,0.38751906156539917
16,blocks.0.conv2,0.43987008929252625
16,blocks.1.conv1,0.4316738545894623
16,blocks.1.conv2,0.40829959511756897
16,blocks.2.conv1,0.4027915894985199
16,blocks.2.conv2,0.33367735147476196
16,blocks.3.conv1,0.31340575218200684
16,blocks.3.conv2,0.25243455171585083
16,mean_conv2d_grad_norm,0.3879682885275947
17,stem.0,0.3518359661102295
17,blocks.0.conv1,0.28151801228523254
17,blocks.0.conv2,0.31002551317214966
17,blocks.1.conv1,0.3044973611831665
17,blocks.1.conv2,0.2795162498950958
17,blocks.2.conv1,0.2538341283798218
17,blocks.2.conv2,0.20483095943927765
17,blocks.3.conv1,0.18790356814861298
17,blocks.3.conv2,0.13609221577644348
17,mean_conv2d_grad_norm,0.2566726638211144
18,stem.0,0.22221794724464417
18,blocks.0.conv1,0.2543905973434448
18,blocks.0.conv2,0.3269208073616028
18,blocks.1.conv1,0.3029342293739319
18,blocks.1.conv2,0.2949278950691223
18,blocks.2.conv1,0.30501168966293335
18,blocks.2.conv2,0.2809506952762604
18,blocks.3.conv1,0.2570546567440033
18,blocks.3.conv2,0.20748814940452576
18,mean_conv2d_grad_norm,0.27243296305338544
19,stem.0,0.3053574860095978
19,blocks.0.conv1,0.30748018622398376
19,blocks.0.conv2,0.3317996561527252
19,blocks.1.conv1,0.3519122004508972
19,blocks.1.conv2,0.30824804306030273
19,blocks.2.conv1,0.28946879506111145
19,blocks.2.conv2,0.24115289747714996
19,blocks.3.conv1,0.21592828631401062
19,blocks.3.conv2,0.1521398425102234
19,mean_conv2d_grad_norm,0.278165265917778
20,stem.0,0.21604454517364502
20,blocks.0.conv1,0.22222690284252167
20,blocks.0.conv2,0.25927820801734924
20,blocks.1.conv1,0.26275768876075745
20,blocks.1.conv2,0.2407197803258896
20,blocks.2.conv1,0.22386455535888672
20,blocks.2.conv2,0.20314772427082062
20,blocks.3.conv1,0.18036754429340363
20,blocks.3.conv2,0.13350410759449005
20,mean_conv2d_grad_norm,0.21576789518197378
21,stem.0,0.229585200548172
21,blocks.0.conv1,0.2661578357219696
21,blocks.0.conv2,0.3197726011276245
21,blocks.1.conv1,0.31539204716682434
21,blocks.1.conv2,0.2995162010192871
21,blocks.2.conv1,0.30597808957099915
21,blocks.2.conv2,0.2705395221710205
21,blocks.3.conv1,0.26140761375427246
21,blocks.3.conv2,0.191323384642601
21,mean_conv2d_grad_norm,0.27329694396919674
22,stem.0,0.198637917637825
22,blocks.0.conv1,0.29288414120674133
22,blocks.0.conv2,0.3285691440105438
22,blocks.1.conv1,0.3262117803096771
22,blocks.1.conv2,0.3081396222114563
22,blocks.2.conv1,0.2875271141529083
22,blocks.2.conv2,0.24782168865203857
22,blocks.3.conv1,0.2145112156867981
22,blocks.3.conv2,0.16039645671844482
22,mean_conv2d_grad_norm,0.26274434228738147
23,stem.0,0.23411449790000916
23,blocks.0.conv1,0.2749461233615875
23,blocks.0.conv2,0.3140859305858612
23,blocks.1.conv1,0.29593801498413086
23,blocks.1.conv2,0.27941909432411194
23,blocks.2.conv1,0.26576733589172363
23,blocks.2.conv2,0.22378207743167877
23,blocks.3.conv1,0.20923496782779694
23,blocks.3.conv2,0.17855031788349152
23,mean_conv2d_grad_norm,0.2528709289100435
24,stem.0,0.22092357277870178
24,blocks.0.conv1,0.3038269281387329
24,blocks.0.conv2,0.30108681321144104
24,blocks.1.conv1,0.2999379336833954
24,blocks.1.conv2,0.2816796898841858
24,blocks.2.conv1,0.26466435194015503
24,blocks.2.conv2,0.2200058102607727
24,blocks.3.conv1,0.21511729061603546
24,blocks.3.conv2,0.16361574828624725
24,mean_conv2d_grad_norm,0.2523175709777408
25,stem.0,0.29385489225387573
25,blocks.0.conv1,0.3677413761615753
25,blocks.0.conv2,0.4220066964626312
25,blocks.1.conv1,0.43078234791755676
25,blocks.1.conv2,0.4051055312156677
25,blocks.2.conv1,0.3456706702709198
25,blocks.2.conv2,0.2854297161102295
25,blocks.3.conv1,0.24850288033485413
25,blocks.3.conv2,0.19231753051280975
25,mean_conv2d_grad_norm,0.3323790712489022
26,stem.0,0.254843145608902
26,blocks.0.conv1,0.30034109950065613
26,blocks.0.conv2,0.33611324429512024
26,blocks.1.conv1,0.32801634073257446
26,blocks.1.conv2,0.3130142092704773
26,blocks.2.conv1,0.2970045506954193
26,blocks.2.conv2,0.2537466287612915
26,blocks.3.conv1,0.2381068915128708
26,blocks.3.conv2,0.16576257348060608
26,mean_conv2d_grad_norm,0.27632763153976864
27,stem.0,0.22649723291397095
27,blocks.0.conv1,0.2972339689731598
27,blocks.0.conv2,0.31740787625312805
27,blocks.1.conv1,0.3168719410896301
27,blocks.1.conv2,0.2947694659233093
27,blocks.2.conv1,0.28869062662124634
27,blocks.2.conv2,0.24959473311901093
27,blocks.3.conv1,0.22804400324821472
27,blocks.3.conv2,0.17021405696868896
27,mean_conv2d_grad_norm,0.265480433901151
28,stem.0,0.2328527569770813
28,blocks.0.conv1,0.2642677128314972
28,blocks.0.conv2,0.29352688789367676
28,blocks.1.conv1,0.2971750497817993
28,blocks.1.conv2,0.2678714394569397
28,blocks.2.conv1,0.2640284597873688
28,blocks.2.conv2,0.2400239259004593
28,blocks.3.conv1,0.21357709169387817
28,blocks.3.conv2,0.17851726710796356
28,mean_conv2d_grad_norm,0.25020451015896267
29,stem.0,0.2506569027900696
29,blocks.0.conv1,0.31849297881126404
29,blocks.0.conv2,0.3675864338874817
29,blocks.1.conv1,0.37605366110801697
29,blocks.1.conv2,0.3656618595123291
29,blocks.2.conv1,0.3366979956626892
29,blocks.2.conv2,0.28671345114707947
29,blocks.3.conv1,0.2546907663345337
29,blocks.3.conv2,0.19388356804847717
29,mean_conv2d_grad_norm,0.30560417970021564
30,stem.0,0.22198252379894257
30,blocks.0.conv1,0.26185497641563416
30,blocks.0.conv2,0.33236727118492126
30,blocks.1.conv1,0.33406099677085876
30,blocks.1.conv2,0.30376294255256653
30,blocks.2.conv1,0.2948276102542877
30,blocks.2.conv2,0.24732190370559692
30,blocks.3.conv1,0.23627161979675293
30,blocks.3.conv2,0.17405106127262115
30,mean_conv2d_grad_norm,0.2673889895280202
31,stem.0,0.22269710898399353
31,blocks.0.conv1,0.23765864968299866
31,blocks.0.conv2,0.2479180246591568
31,blocks.1.conv1,0.2570677101612091
31,blocks.1.conv2,0.22120580077171326
31,blocks.2.conv1,0.2190130054950714
31,blocks.2.conv2,0.1940893530845642
31,blocks.3.conv1,0.17389728128910065
31,blocks.3.conv2,0.1278107464313507
31,mean_conv2d_grad_norm,0.21126196450657314
32,stem.0,0.19548751413822174
32,blocks.0.conv1,0.2586129307746887
32,blocks.0.conv2,0.2904427945613861
32,blocks.1.conv1,0.30073973536491394
32,blocks.1.conv2,0.27182435989379883
32,blocks.2.conv1,0.24752867221832275
32,blocks.2.conv2,0.21542350947856903
32,blocks.3.conv1,0.2032640278339386
32,blocks.3.conv2,0.15872995555400848
32,mean_conv2d_grad_norm,0.23800594442420536
33,stem.0,0.2091813087463379
33,blocks.0.conv1,0.19291651248931885
33,blocks.0.conv2,0.23621828854084015
33,blocks.1.conv1,0.24697840213775635
33,blocks.1.conv2,0.23362143337726593
33,blocks.2.conv1,0.22054705023765564
33,blocks.2.conv2,0.20551137626171112
33,blocks.3.conv1,0.19076797366142273
33,blocks.3.conv2,0.14766423404216766
33,mean_conv2d_grad_norm,0.2092673977216085
34,stem.0,0.3189240097999573
34,blocks.0.conv1,0.2966669499874115
34,blocks.0.conv2,0.3491205871105194
34,blocks.1.conv1,0.3491429388523102
34,blocks.1.conv2,0.34404608607292175
34,blocks.2.conv1,0.34094470739364624
34,blocks.2.conv2,0.2773245871067047
34,blocks.3.conv1,0.24533198773860931
34,blocks.3.conv2,0.1750982254743576
34,mean_conv2d_grad_norm,0.2996222310596042
35,stem.0,0.18454203009605408
35,blocks.0.conv1,0.24924837052822113
35,blocks.0.conv2,0.29255232214927673
35,blocks.1.conv1,0.2873176634311676
35,blocks.1.conv2,0.28179624676704407
35,blocks.2.conv1,0.26494428515434265
35,blocks.2.conv2,0.21664170920848846
35,blocks.3.conv1,0.20260894298553467
35,blocks.3.conv2,0.1486288160085678
35,mean_conv2d_grad_norm,0.23647559848096636
36,stem.0,0.25215068459510803
36,blocks.0.conv1,0.28429222106933594
36,blocks.0.conv2,0.31270042061805725
36,blocks.1.conv1,0.3223145306110382
36,blocks.1.conv2,0.2955513000488281
36,blocks.2.conv1,0.27993330359458923
36,blocks.2.conv2,0.2220410853624344
36,blocks.3.conv1,0.20271281898021698
36,blocks.3.conv2,0.13811101019382477
36,mean_conv2d_grad_norm,0.2566452638970481
37,stem.0,0.24221497774124146
37,blocks.0.conv1,0.3279959261417389
37,blocks.0.conv2,0.3744761347770691
37,blocks.1.conv1,0.38077133893966675
37,blocks.1.conv2,0.3447887897491455
37,blocks.2.conv1,0.34723424911499023
37,blocks.2.conv2,0.2877059280872345
37,blocks.3.conv1,0.2657456696033478
37,blocks.3.conv2,0.19383604824543
37,mean_conv2d_grad_norm,0.3071965624888738
38,stem.0,0.19269980490207672
38,blocks.0.conv1,0.3053859770298004
38,blocks.0.conv2,0.3767077624797821
38,blocks.1.conv1,0.36723023653030396
38,blocks.1.conv2,0.3353024125099182
38,blocks.2.conv1,0.3195163607597351
38,blocks.2.conv2,0.2800844609737396
38,blocks.3.conv1,0.26316380500793457
38,blocks.3.conv2,0.1816474199295044
38,mean_conv2d_grad_norm,0.2913042489025328
39,stem.0,0.25215455889701843
39,blocks.0.conv1,0.2990131974220276
39,blocks.0.conv2,0.3546663820743561
39,blocks.1.conv1,0.36708059906959534
39,blocks.1.conv2,0.35433846712112427
39,blocks.2.conv1,0.3294459581375122
39,blocks.2.conv2,0.2895051836967468
39,blocks.3.conv1,0.25243568420410156
39,blocks.3.conv2,0.18113140761852264
39,mean_conv2d_grad_norm,0.29775238202677834
40,stem.0,0.23637811839580536
40,blocks.0.conv1,0.23327432572841644
40,blocks.0.conv2,0.2850003242492676
40,blocks.1.conv1,0.29181143641471863
40,blocks.1.conv2,0.2737272083759308
40,blocks.2.conv1,0.2758776843547821
40,blocks.2.conv2,0.2296638935804367
40,blocks.3.conv1,0.22224101424217224
40,blocks.3.conv2,0.15955479443073273
40,mean_conv2d_grad_norm,0.24528097775247362
41,stem.0,0.260871946811676
41,blocks.0.conv1,0.3614553213119507
41,blocks.0.conv2,0.4125315546989441
41,blocks.1.conv1,0.4257011413574219
41,blocks.1.conv2,0.3781417906284332
41,blocks.2.conv1,0.39620745182037354
41,blocks.2.conv2,0.3213779032230377
41,blocks.3.conv1,0.29583796858787537
41,blocks.3.conv2,0.2102772295475006
41,mean_conv2d_grad_norm,0.34026692310969037
42,stem.0,0.21035856008529663
42,blocks.0.conv1,0.24904228746891022
42,blocks.0.conv2,0.31277960538864136
42,blocks.1.conv1,0.3107982575893402
42,blocks.1.conv2,0.3090290427207947
42,blocks.2.conv1,0.29753750562667847
42,blocks.2.conv2,0.26013344526290894
42,blocks.3.conv1,0.26129859685897827
42,blocks.3.conv2,0.20162512362003326
42,mean_conv2d_grad_norm,0.2680669360690647
43,stem.0,0.3520006835460663
43,blocks.0.conv1,0.29966169595718384
43,blocks.0.conv2,0.33867010474205017
43,blocks.1.conv1,0.3527410924434662
43,blocks.1.conv2,0.31942978501319885
43,blocks.2.conv1,0.308443158864975
43,blocks.2.conv2,0.2715884745121002
43,blocks.3.conv1,0.25178059935569763
43,blocks.3.conv2,0.18735525012016296
43,mean_conv2d_grad_norm,0.2979634271727668
44,stem.0,0.23249875009059906
44,blocks.0.conv1,0.3304240107536316
44,blocks.0.conv2,0.37079057097435
44,blocks.1.conv1,0.37532785534858704
44,blocks.1.conv2,0.340640127658844
44,blocks.2.conv1,0.33347001671791077
44,blocks.2.conv2,0.28522685170173645
44,blocks.3.conv1,0.2681354284286499
44,blocks.3.conv2,0.19373370707035065
44,mean_conv2d_grad_norm,0.30336081319385105
45,stem.0,0.2535991668701172
45,blocks.0.conv1,0.2928037643432617
45,blocks.0.conv2,0.3115074634552002
45,blocks.1.conv1,0.3243856430053711
45,blocks.1.conv2,0.2940390706062317
45,blocks.2.conv1,0.292108952999115
45,blocks.2.conv2,0.24721789360046387
45,blocks.3.conv1,0.23247702419757843
45,blocks.3.conv2,0.1600104421377182
45,mean_conv2d_grad_norm,0.26757215791278416
46,stem.0,0.2718048691749573
46,blocks.0.conv1,0.23947112262248993
46,blocks.0.conv2,0.2947694957256317
46,blocks.1.conv1,0.31607046723365784
46,blocks.1.conv2,0.29830390214920044
46,blocks.2.conv1,0.2889130115509033
46,blocks.2.conv2,0.2551375925540924
46,blocks.3.conv1,0.24978649616241455
46,blocks.3.conv2,0.1908479481935501
46,mean_conv2d_grad_norm,0.26723387837409973
47,stem.0,0.2398255467414856
47,blocks.0.conv1,0.2689707577228546
47,blocks.0.conv2,0.3060707449913025
47,blocks.1.conv1,0.31532731652259827
47,blocks.1.conv2,0.30074119567871094
47,blocks.2.conv1,0.28337952494621277
47,blocks.2.conv2,0.22705836594104767
47,blocks.3.conv1,0.21534505486488342
47,blocks.3.conv2,0.14678899943828583
47,mean_conv2d_grad_norm,0.25594527853859794
48,stem.0,0.29036301374435425
48,blocks.0.conv1,0.2927078902721405
48,blocks.0.conv2,0.35862427949905396
48,blocks.1.conv1,0.34487590193748474
48,blocks.1.conv2,0.3332955539226532
48,blocks.2.conv1,0.33186066150665283
48,blocks.2.conv2,0.2797323763370514
48,blocks.3.conv1,0.25457680225372314
48,blocks.3.conv2,0.18799693882465363
48,mean_conv2d_grad_norm,0.2971148242553075
49,stem.0,0.28169551491737366
49,blocks.0.conv1,0.30526894330978394
49,blocks.0.conv2,0.3411217927932739
49,blocks.1.conv1,0.35410067439079285
49,blocks.1.conv2,0.32037052512168884
49,blocks.2.conv1,0.3163193464279175
49,blocks.2.conv2,0.29031991958618164
49,blocks.3.conv1,0.2689434289932251
49,blocks.3.conv2,0.1810321807861328
49,mean_conv2d_grad_norm,0.29546359181404114
50,stem.0,0.3183533847332001
50,blocks.0.conv1,0.3791045844554901
50,blocks.0.conv2,0.4578726291656494
50,blocks.1.conv1,0.4685267210006714
50,blocks.1.conv2,0.46005192399024963
50,blocks.2.conv1,0.41631370782852173
50,blocks.2.conv2,0.3491995930671692
50,blocks.3.conv1,0.339620441198349
50,blocks.3.conv2,0.24916794896125793
50,mean_conv2d_grad_norm,0.3820234371556176
51,stem.0,0.20531867444515228
51,blocks.0.conv1,0.2335229367017746
51,blocks.0.conv2,0.2819965183734894
51,blocks.1.conv1,0.28360515832901
51,blocks.1.conv2,0.2721390128135681
51,blocks.2.conv1,0.2551119029521942
51,blocks.2.conv2,0.21710477769374847
51,blocks.3.conv1,0.20298215746879578
51,blocks.3.conv2,0.15050214529037476
51,mean_conv2d_grad_norm,0.23358703156312308
52,stem.0,0.3057323396205902
52,blocks.0.conv1,0.28956106305122375
52,blocks.0.conv2,0.32914525270462036
52,blocks.1.conv1,0.34115055203437805
52,blocks.1.conv2,0.3114425241947174
52,blocks.2.conv1,0.2947205603122711
52,blocks.2.conv2,0.24844421446323395
52,blocks.3.conv1,0.2275838851928711
52,blocks.3.conv2,0.16250517964363098
52,mean_conv2d_grad_norm,0.27892061902417076
53,stem.0,0.2335682064294815
53,blocks.0.conv1,0.28279364109039307
53,blocks.0.conv2,0.3551417887210846
53,blocks.1.conv1,0.3619616627693176
53,blocks.1.conv2,0.34520336985588074
53,blocks.2.conv1,0.3367082178592682
53,blocks.2.conv2,0.2889347970485687
53,blocks.3.conv1,0.2639985978603363
53,blocks.3.conv2,0.1892053186893463
53,mean_conv2d_grad_norm,0.29527951114707524
54,stem.0,0.26621213555336
54,blocks.0.conv1,0.33555078506469727
54,blocks.0.conv2,0.3961910903453827
54,blocks.1.conv1,0.3997652232646942
54,blocks.1.conv2,0.3777984082698822
54,blocks.2.conv1,0.3627694249153137
54,blocks.2.conv2,0.3020455241203308
54,blocks.3.conv1,0.2723602056503296
54,blocks.3.conv2,0.20474036037921906
54,mean_conv2d_grad_norm,0.3241592397292455
55,stem.0,0.27080681920051575
55,blocks.0.conv1,0.29069676995277405
55,blocks.0.conv2,0.35064950585365295
55,blocks.1.conv1,0.35238778591156006
55,blocks.1.conv2,0.3341881334781647
55,blocks.2.conv1,0.31791025400161743
55,blocks.2.conv2,0.2725706398487091
55,blocks.3.conv1,0.24624969065189362
55,blocks.3.conv2,0.17229220271110535
55,mean_conv2d_grad_norm,0.2897502001788881
56,stem.0,0.17516127228736877
56,blocks.0.conv1,0.2503056526184082
56,blocks.0.conv2,0.2986966669559479
56,blocks.1.conv1,0.3041066825389862
56,blocks.1.conv2,0.28806567192077637
56,blocks.2.conv1,0.2810637056827545
56,blocks.2.conv2,0.24193982779979706
56,blocks.3.conv1,0.22945943474769592
56,blocks.3.conv2,0.16619615256786346
56,mean_conv2d_grad_norm,0.24833278523551094
57,stem.0,0.29419881105422974
57,blocks.0.conv1,0.2884550392627716
57,blocks.0.conv2,0.35010024905204773
57,blocks.1.conv1,0.3586040735244751
57,blocks.1.conv2,0.33138635754585266
57,blocks.2.conv1,0.33768609166145325
57,blocks.2.conv2,0.27960890531539917
57,blocks.3.conv1,0.25977203249931335
57,blocks.3.conv2,0.18267309665679932
57,mean_conv2d_grad_norm,0.2980538507302602
58,stem.0,0.19893933832645416
58,blocks.0.conv1,0.22260689735412598
58,blocks.0.conv2,0.2787100076675415
58,blocks.1.conv1,0.29006925225257874
58,blocks.1.conv2,0.2740672826766968
58,blocks.2.conv1,0.2495238482952118
58,blocks.2.conv2,0.22283262014389038
58,blocks.3.conv1,0.21210642158985138
58,blocks.3.conv2,0.14693982899188995
58,mean_conv2d_grad_norm,0.23286616636647117
59,stem.0,0.284696489572525
59,blocks.0.conv1,0.309070348739624
59,blocks.0.conv2,0.37315091490745544
59,blocks.1.conv1,0.36429929733276367
59,blocks.1.conv2,0.3298012316226959
59,blocks.2.conv1,0.32831594347953796
59,blocks.2.conv2,0.28970450162887573
59,blocks.3.conv1,0.26714491844177246
59,blocks.3.conv2,0.193167045712471
59,mean_conv2d_grad_norm,0.3043722990486357
60,stem.0,0.2949843108654022
60,blocks.0.conv1,0.37079277634620667
60,blocks.0.conv2,0.40567541122436523
60,blocks.1.conv1,0.4002188742160797
60,blocks.1.conv2,0.38699784874916077
60,blocks.2.conv1,0.3624063730239868
60,blocks.2.conv2,0.32722562551498413
60,blocks.3.conv1,0.29446476697921753
60,blocks.3.conv2,0.21755141019821167
60,mean_conv2d_grad_norm,0.34003526634640163
61,stem.0,0.24520164728164673
61,blocks.0.conv1,0.30459901690483093
61,blocks.0.conv2,0.37272387742996216
61,blocks.1.conv1,0.392713338136673
61,blocks.1.conv2,0.3562512993812561
61,blocks.2.conv1,0.38023465871810913
61,blocks.2.conv2,0.34159988164901733
61,blocks.3.conv1,0.32854047417640686
61,blocks.3.conv2,0.26760977506637573
61,mean_conv2d_grad_norm,0.3321637743049198
62,stem.0,0.2749323844909668
62,blocks.0.conv1,0.2850675582885742
62,blocks.0.conv2,0.3484470844268799
62,blocks.1.conv1,0.3750138282775879
62,blocks.1.conv2,0.34378719329833984
62,blocks.2.conv1,0.31898143887519836
62,blocks.2.conv2,0.27570921182632446
62,blocks.3.conv1,0.2576407790184021
62,blocks.3.conv2,0.19050458073616028
62,mean_conv2d_grad_norm,0.2966760065820482
63,stem.0,0.2954900860786438
63,blocks.0.conv1,0.2697179913520813
63,blocks.0.conv2,0.3248375654220581
63,blocks.1.conv1,0.3434009253978729
63,blocks.1.conv2,0.3217147886753082
63,blocks.2.conv1,0.2978389263153076
63,blocks.2.conv2,0.27052316069602966
63,blocks.3.conv1,0.24761101603507996
63,blocks.3.conv2,0.18634416162967682
63,mean_conv2d_grad_norm,0.2841642912891176
64,stem.0,0.2666163444519043
64,blocks.0.conv1,0.32240575551986694
64,blocks.0.conv2,0.384013295173645
64,blocks.1.conv1,0.4007091522216797
64,blocks.1.conv2,0.39299899339675903
64,blocks.2.conv1,0.3624630272388458
64,blocks.2.conv2,0.31697869300842285
64,blocks.3.conv1,0.2862122058868408
64,blocks.3.conv2,0.19850710034370422
64,mean_conv2d_grad_norm,0.32565606302685207
65,stem.0,0.20209598541259766
65,blocks.0.conv1,0.2887742519378662
65,blocks.0.conv2,0.28045913577079773
65,blocks.1.conv1,0.30169475078582764
65,blocks.1.conv2,0.30063652992248535
65,blocks.2.conv1,0.2751820683479309
65,blocks.2.conv2,0.2427285760641098
65,blocks.3.conv1,0.22645965218544006
65,blocks.3.conv2,0.1508437693119049
65,mean_conv2d_grad_norm,0.2520971910821067
66,stem.0,0.2537609040737152
66,blocks.0.conv1,0.23563316464424133
66,blocks.0.conv2,0.29116255044937134
66,blocks.1.conv1,0.3045763373374939
66,blocks.1.conv2,0.2873534858226776
66,blocks.2.conv1,0.2931516468524933
66,blocks.2.conv2,0.25250136852264404
66,blocks.3.conv1,0.2350243628025055
66,blocks.3.conv2,0.16969314217567444
66,mean_conv2d_grad_norm,0.2580952180756463
67,stem.0,0.24636533856391907
67,blocks.0.conv1,0.3466571867465973
67,blocks.0.conv2,0.3873424232006073
67,blocks.1.conv1,0.38836535811424255
67,blocks.1.conv2,0.3617434799671173
67,blocks.2.conv1,0.3407808840274811
67,blocks.2.conv2,0.28482893109321594
67,blocks.3.conv1,0.2635478675365448
67,blocks.3.conv2,0.22079890966415405
67,mean_conv2d_grad_norm,0.3156033754348755
68,stem.0,0.2862735986709595
68,blocks.0.conv1,0.3379696309566498
68,blocks.0.conv2,0.38414186239242554
68,blocks.1.conv1,0.40398305654525757
68,blocks.1.conv2,0.36931607127189636
68,blocks.2.conv1,0.3644101917743683
68,blocks.2.conv2,0.319045752286911
68,blocks.3.conv1,0.28802090883255005
68,blocks.3.conv2,0.20325393974781036
68,mean_conv2d_grad_norm,0.32849055694209206
69,stem.0,0.21558648347854614
69,blocks.0.conv1,0.261656790971756
69,blocks.0.conv2,0.31807395815849304
69,blocks.1.conv1,0.31746312975883484
69,blocks.1.conv2,0.2915758490562439
69,blocks.2.conv1,0.28055787086486816
69,blocks.2.conv2,0.24217937886714935
69,blocks.3.conv1,0.20940479636192322
69,blocks.3.conv2,0.14258858561515808
69,mean_conv2d_grad_norm,0.2532318714592192
70,stem.0,0.1384723037481308
70,blocks.0.conv1,0.20331984758377075
70,blocks.0.conv2,0.24572911858558655
70,blocks.1.conv1,0.2460741549730301
70,blocks.1.conv2,0.2434166520833969
70,blocks.2.conv1,0.23997919261455536
70,blocks.2.conv2,0.21371649205684662
70,blocks.3.conv1,0.19979022443294525
70,blocks.3.conv2,0.14068643748760223
70,mean_conv2d_grad_norm,0.20790938039620718
71,stem.0,0.2219870388507843
71,blocks.0.conv1,0.28488069772720337
71,blocks.0.conv2,0.33699876070022583
71,blocks.1.conv1,0.34356406331062317
71,blocks.1.conv2,0.33595800399780273
71,blocks.2.conv1,0.32218655943870544
71,blocks.2.conv2,0.27573609352111816
71,blocks.3.conv1,0.23676404356956482
71,blocks.3.conv2,0.15867748856544495
71,mean_conv2d_grad_norm,0.27963919440905255
72,stem.0,0.2867329716682434
72,blocks.0.conv1,0.33237919211387634
72,blocks.0.conv2,0.40667635202407837
72,blocks.1.conv1,0.4203881323337555
72,blocks.1.conv2,0.398298054933548
72,blocks.2.conv1,0.3731372356414795
72,blocks.2.conv2,0.3222239911556244
72,blocks.3.conv1,0.2900818884372711
72,blocks.3.conv2,0.1949252486228943
72,mean_conv2d_grad_norm,0.336093674103419
73,stem.0,0.19641175866127014
73,blocks.0.conv1,0.21633370220661163
73,blocks.0.conv2,0.25384026765823364
73,blocks.1.conv1,0.24780511856079102
73,blocks.1.conv2,0.24070584774017334
73,blocks.2.conv1,0.2305181920528412
73,blocks.2.conv2,0.20321442186832428
73,blocks.3.conv1,0.17652098834514618
73,blocks.3.conv2,0.1309211254119873
73,mean_conv2d_grad_norm,0.21069682472281986
74,stem.0,0.2673053443431854
74,blocks.0.conv1,0.28846800327301025
74,blocks.0.conv2,0.3782802224159241
74,blocks.1.conv1,0.3971059024333954
74,blocks.1.conv2,0.36188340187072754
74,blocks.2.conv1,0.3483624756336212
74,blocks.2.conv2,0.28784239292144775
74,blocks.3.conv1,0.26210257411003113
74,blocks.3.conv2,0.19172412157058716
74,mean_conv2d_grad_norm,0.3092304931746589
75,stem.0,0.1921304315328598
75,blocks.0.conv1,0.2827814221382141
75,blocks.0.conv2,0.3520803451538086
75,blocks.1.conv1,0.34133777022361755
75,blocks.1.conv2,0.30723270773887634
75,blocks.2.conv1,0.300956130027771
75,blocks.2.conv2,0.24238939583301544
75,blocks.3.conv1,0.2197452038526535
75,blocks.3.conv2,0.15023788809776306
75,mean_conv2d_grad_norm,0.26543236606650883
76,stem.0,0.18679270148277283
76,blocks.0.conv1,0.27166056632995605
76,blocks.0.conv2,0.32115378975868225
76,blocks.1.conv1,0.3243370056152344
76,blocks.1.conv2,0.3123999536037445
76,blocks.2.conv1,0.28131940960884094
76,blocks.2.conv2,0.2593567967414856
76,blocks.3.conv1,0.24644607305526733
76,blocks.3.conv2,0.19265136122703552
76,mean_conv2d_grad_norm,0.2662352952692244
77,stem.0,0.2858213484287262
77,blocks.0.conv1,0.36333489418029785
77,blocks.0.conv2,0.42218267917633057
77,blocks.1.conv1,0.43850722908973694
77,blocks.1.conv2,0.40737512707710266
77,blocks.2.conv1,0.37570685148239136
77,blocks.2.conv2,0.3205145597457886
77,blocks.3.conv1,0.28668156266212463
77,blocks.3.conv2,0.19782891869544983
77,mean_conv2d_grad_norm,0.34421701894866097
78,stem.0,0.2817118465900421
78,blocks.0.conv1,0.33780229091644287
78,blocks.0.conv2,0.3922644853591919
78,blocks.1.conv1,0.3986457884311676
78,blocks.1.conv2,0.37430959939956665
78,blocks.2.conv1,0.37236398458480835
78,blocks.2.conv2,0.3320692479610443
78,blocks.3.conv1,0.29554283618927
78,blocks.3.conv2,0.2036973088979721
78,mean_conv2d_grad_norm,0.3320452653699451
79,stem.0,0.3191332519054413
79,blocks.0.conv1,0.3496204912662506
79,blocks.0.conv2,0.4173629879951477
79,blocks.1.conv1,0.43320775032043457
79,blocks.1.conv2,0.40335530042648315
79,blocks.2.conv1,0.3929651379585266
79,blocks.2.conv2,0.34072744846343994
79,blocks.3.conv1,0.3081229627132416
79,blocks.3.conv2,0.21970853209495544
79,mean_conv2d_grad_norm,0.3538004292382134
80,stem.0,0.16658645868301392
80,blocks.0.conv1,0.22107180953025818
80,blocks.0.conv2,0.26899608969688416
80,blocks.1.conv1,0.2826860845088959
80,blocks.1.conv2,0.2583833634853363
80,blocks.2.conv1,0.25099268555641174
80,blocks.2.conv2,0.21251831948757172
80,blocks.3.conv1,0.19395649433135986
80,blocks.3.conv2,0.1447254866361618
80,mean_conv2d_grad_norm,0.22221297687954372
81,stem.0,0.2628496587276459
81,blocks.0.conv1,0.25605830550193787
81,blocks.0.conv2,0.31267914175987244
81,blocks.1.conv1,0.3137401044368744
81,blocks.1.conv2,0.3207128345966339
81,blocks.2.conv1,0.2991732656955719
81,blocks.2.conv2,0.2587539255619049
81,blocks.3.conv1,0.24014820158481598
81,blocks.3.conv2,0.16752026975154877
81,mean_conv2d_grad_norm,0.2701817452907562
82,stem.0,0.2860034704208374
82,blocks.0.conv1,0.31639060378074646
82,blocks.0.conv2,0.349652498960495
82,blocks.1.conv1,0.3567570745944977
82,blocks.1.conv2,0.3256228566169739
82,blocks.2.conv1,0.30574387311935425
82,blocks.2.conv2,0.26935189962387085
82,blocks.3.conv1,0.23958612978458405
82,blocks.3.conv2,0.18093712627887726
82,mean_conv2d_grad_norm,0.29222728146447075
83,stem.0,0.24822764098644257
83,blocks.0.conv1,0.3329724073410034
83,blocks.0.conv2,0.40086284279823303
83,blocks.1.conv1,0.43905702233314514
83,blocks.1.conv2,0.4242207407951355
83,blocks.2.conv1,0.39674073457717896
83,blocks.2.conv2,0.3408021330833435
83,blocks.3.conv1,0.3173651397228241
83,blocks.3.conv2,0.233964204788208
83,mean_conv2d_grad_norm,0.34824587404727936
84,stem.0,0.31755200028419495
84,blocks.0.conv1,0.2648175060749054
84,blocks.0.conv2,0.3102869391441345
84,blocks.1.conv1,0.3268137574195862
84,blocks.1.conv2,0.30283787846565247
84,blocks.2.conv1,0.30298855900764465
84,blocks.2.conv2,0.26210126280784607
84,blocks.3.conv1,0.24932152032852173
84,blocks.3.conv2,0.17518658936023712
84,mean_conv2d_grad_norm,0.27910066809919143
85,stem.0,0.1947745978832245
85,blocks.0.conv1,0.24676814675331116
85,blocks.0.conv2,0.28327181935310364
85,blocks.1.conv1,0.294512003660202
85,blocks.1.conv2,0.30359169840812683
85,blocks.2.conv1,0.2881200909614563
85,blocks.2.conv2,0.24574871361255646
85,blocks.3.conv1,0.22750018537044525
85,blocks.3.conv2,0.15512345731258392
85,mean_conv2d_grad_norm,0.24882341259055668
86,stem.0,0.18080110847949982
86,blocks.0.conv1,0.28690624237060547
86,blocks.0.conv2,0.3433035612106323
86,blocks.1.conv1,0.35298869013786316
86,blocks.1.conv2,0.3366488516330719
86,blocks.2.conv1,0.3244486451148987
86,blocks.2.conv2,0.27688124775886536
86,blocks.3.conv1,0.2613949179649353
86,blocks.3.conv2,0.18534958362579346
86,mean_conv2d_grad_norm,0.28319142758846283
87,stem.0,0.2109421342611313
87,blocks.0.conv1,0.26338011026382446
87,blocks.0.conv2,0.3223123550415039
87,blocks.1.conv1,0.33121785521507263
87,blocks.1.conv2,0.29534101486206055
87,blocks.2.conv1,0.3001411557197571
87,blocks.2.conv2,0.2611587941646576
87,blocks.3.conv1,0.24168936908245087
87,blocks.3.conv2,0.1613732874393463
87,mean_conv2d_grad_norm,0.2652840084499783
88,stem.0,0.24774235486984253
88,blocks.0.conv1,0.3177203834056854
88,blocks.0.conv2,0.40175390243530273
88,blocks.1.conv1,0.41841739416122437
88,blocks.1.conv2,0.41343826055526733
88,blocks.2.conv1,0.3980126678943634
88,blocks.2.conv2,0.32874080538749695
88,blocks.3.conv1,0.2918582260608673
88,blocks.3.conv2,0.19768235087394714
88,mean_conv2d_grad_norm,0.33504070507155526
89,stem.0,0.21421465277671814
89,blocks.0.conv1,0.25535905361175537
89,blocks.0.conv2,0.3022647202014923
89,blocks.1.conv1,0.29455479979515076
89,blocks.1.conv2,0.2735777497291565
89,blocks.2.conv1,0.26697805523872375
89,blocks.2.conv2,0.23037436604499817
89,blocks.3.conv1,0.21549789607524872
89,blocks.3.conv2,0.14036054909229279
89,mean_conv2d_grad_norm,0.24368687139617073
90,stem.0,0.24516771733760834
90,blocks.0.conv1,0.2778862714767456
90,blocks.0.conv2,0.34210655093193054
90,blocks.1.conv1,0.3459310531616211
90,blocks.1.conv2,0.33909401297569275
90,blocks.2.conv1,0.3304538428783417
90,blocks.2.conv2,0.2878483533859253
90,blocks.3.conv1,0.25638967752456665
90,blocks.3.conv2,0.17969495058059692
90,mean_conv2d_grad_norm,0.289396936694781
91,stem.0,0.27645742893218994
91,blocks.0.conv1,0.3149295449256897
91,blocks.0.conv2,0.3774254620075226
91,blocks.1.conv1,0.3834390342235565
91,blocks.1.conv2,0.3499096930027008
91,blocks.2.conv1,0.3400349020957947
91,blocks.2.conv2,0.2965800166130066
91,blocks.3.conv1,0.27423155307769775
91,blocks.3.conv2,0.19328002631664276
91,mean_conv2d_grad_norm,0.3118097401327557
92,stem.0,0.2770817279815674
92,blocks.0.conv1,0.26484641432762146
92,blocks.0.conv2,0.32292672991752625
92,blocks.1.conv1,0.3421674072742462
92,blocks.1.conv2,0.3172367215156555
92,blocks.2.conv1,0.3083047866821289
92,blocks.2.conv2,0.2771744430065155
92,blocks.3.conv1,0.2604660093784332
92,blocks.3.conv2,0.19588273763656616
92,mean_conv2d_grad_norm,0.28512077530225116
93,stem.0,0.19146232306957245
93,blocks.0.conv1,0.23194469511508942
93,blocks.0.conv2,0.2811770439147949
93,blocks.1.conv1,0.2830960154533386
93,blocks.1.conv2,0.27681100368499756
93,blocks.2.conv1,0.26759400963783264
93,blocks.2.conv2,0.23490823805332184
93,blocks.3.conv1,0.21022523939609528
93,blocks.3.conv2,0.15184839069843292
93,mean_conv2d_grad_norm,0.23656299544705284
94,stem.0,0.18645474314689636
94,blocks.0.conv1,0.21832120418548584
94,blocks.0.conv2,0.2543148994445801
94,blocks.1.conv1,0.2518872618675232
94,blocks.1.conv2,0.24399618804454803
94,blocks.2.conv1,0.24099059402942657
94,blocks.2.conv2,0.20315517485141754
94,blocks.3.conv1,0.17384099960327148
94,blocks.3.conv2,0.1363101303577423
94,mean_conv2d_grad_norm,0.2121412439478768
95,stem.0,0.23861446976661682
95,blocks.0.conv1,0.26649701595306396
95,blocks.0.conv2,0.31009411811828613
95,blocks.1.conv1,0.32603105902671814
95,blocks.1.conv2,0.3076952397823334
95,blocks.2.conv1,0.30018821358680725
95,blocks.2.conv2,0.26803159713745117
95,blocks.3.conv1,0.23244407773017883
95,blocks.3.conv2,0.16018377244472504
95,mean_conv2d_grad_norm,0.2677532848384645
96,stem.0,0.19387982785701752
96,blocks.0.conv1,0.30440571904182434
96,blocks.0.conv2,0.36841896176338196
96,blocks.1.conv1,0.37906673550605774
96,blocks.1.conv2,0.3622632622718811
96,blocks.2.conv1,0.34347328543663025
96,blocks.2.conv2,0.30797889828681946
96,blocks.3.conv1,0.2826091945171356
96,blocks.3.conv2,0.20204541087150574
96,mean_conv2d_grad_norm,0.30490458839469486
97,stem.0,0.2591244578361511
97,blocks.0.conv1,0.2730279862880707
97,blocks.0.conv2,0.3273274898529053
97,blocks.1.conv1,0.3388976454734802
97,blocks.1.conv2,0.33256688714027405
97,blocks.2.conv1,0.3244970142841339
97,blocks.2.conv2,0.28586986660957336
97,blocks.3.conv1,0.25521406531333923
97,blocks.3.conv2,0.17146481573581696
97,mean_conv2d_grad_norm,0.28533224761486053
98,stem.0,0.22569778561592102
98,blocks.0.conv1,0.24486862123012543
98,blocks.0.conv2,0.2909066081047058
98,blocks.1.conv1,0.29711782932281494
98,blocks.1.conv2,0.28228631615638733
98,blocks.2.conv1,0.26851701736450195
98,blocks.2.conv2,0.2688051760196686
98,blocks.3.conv1,0.2558555603027344
98,blocks.3.conv2,0.19015204906463623
98,mean_conv2d_grad_norm,0.2582452181312773
99,stem.0,0.27575069665908813
99,blocks.0.conv1,0.30194059014320374
99,blocks.0.conv2,0.37557148933410645
99,blocks.1.conv1,0.37908852100372314
99,blocks.1.conv2,0.3547508716583252
99,blocks.2.conv1,0.3432042896747589
99,blocks.2.conv2,0.29474613070487976
99,blocks.3.conv1,0.2698856592178345
99,blocks.3.conv2,0.18886660039424896
99,mean_conv2d_grad_norm,0.3093116498655743
100,stem.0,0.23141518235206604
100,blocks.0.conv1,0.2623433768749237
100,blocks.0.conv2,0.3023280203342438
100,blocks.1.conv1,0.30416011810302734
100,blocks.1.conv2,0.3145594894886017
100,blocks.2.conv1,0.299632728099823
100,blocks.2.conv2,0.25803112983703613
100,blocks.3.conv1,0.2381458431482315
100,blocks.3.conv2,0.17331252992153168
100,mean_conv2d_grad_norm,0.2648809353510539
101,stem.0,0.18354691565036774
101,blocks.0.conv1,0.1967724859714508
101,blocks.0.conv2,0.22653713822364807
101,blocks.1.conv1,0.2350005954504013
101,blocks.1.conv2,0.22380094230175018
101,blocks.2.conv1,0.2125663459300995
101,blocks.2.conv2,0.18533605337142944
101,blocks.3.conv1,0.16227692365646362
101,blocks.3.conv2,0.11590761691331863
101,mean_conv2d_grad_norm,0.19352722416321436
102,stem.0,0.1737603396177292
102,blocks.0.conv1,0.25573158264160156
102,blocks.0.conv2,0.25712957978248596
102,blocks.1.conv1,0.2625111937522888
102,blocks.1.conv2,0.24912430346012115
102,blocks.2.conv1,0.23485222458839417
102,blocks.2.conv2,0.1977330446243286
102,blocks.3.conv1,0.17571839690208435
102,blocks.3.conv2,0.11520048975944519
102,mean_conv2d_grad_norm,0.21352901723649767
103,stem.0,0.14530007541179657
103,blocks.0.conv1,0.1589381843805313
103,blocks.0.conv2,0.2028198391199112
103,blocks.1.conv1,0.20871569216251373
103,blocks.1.conv2,0.21210908889770508
103,blocks.2.conv1,0.2023879587650299
103,blocks.2.conv2,0.17379654943943024
103,blocks.3.conv1,0.15012133121490479
103,blocks.3.conv2,0.09694982320070267
103,mean_conv2d_grad_norm,0.17234872695472506
104,stem.0,0.146189883351326
104,blocks.0.conv1,0.1874341517686844
104,blocks.0.conv2,0.23032426834106445
104,blocks.1.conv1,0.24406784772872925
104,blocks.1.conv2,0.23037028312683105
104,blocks.2.conv1,0.2197764664888382
104,blocks.2.conv2,0.20061904191970825
104,blocks.3.conv1,0.17202618718147278
104,blocks.3.conv2,0.10966268181800842
104,mean_conv2d_grad_norm,0.19338564574718475
105,stem.0,0.08557551354169846
105,blocks.0.conv1,0.11758547276258469
105,blocks.0.conv2,0.14754724502563477
105,blocks.1.conv1,0.15799541771411896
105,blocks.1.conv2,0.15417692065238953
105,blocks.2.conv1,0.15133245289325714
105,blocks.2.conv2,0.13847190141677856
105,blocks.3.conv1,0.12123912572860718
105,blocks.3.conv2,0.08094760030508041
105,mean_conv2d_grad_norm,0.1283190722266833
106,stem.0,0.16425931453704834
106,blocks.0.conv1,0.18691103160381317
106,blocks.0.conv2,0.23487526178359985
106,blocks.1.conv1,0.250792533159256
106,blocks.1.conv2,0.24618405103683472
106,blocks.2.conv1,0.2411869913339615
106,blocks.2.conv2,0.20082144439220428
106,blocks.3.conv1,0.17614540457725525
106,blocks.3.conv2,0.11732032895088196
106,mean_conv2d_grad_norm,0.20205515126387277
107,stem.0,0.14197495579719543
107,blocks.0.conv1,0.15490517020225525
107,blocks.0.conv2,0.19272728264331818
107,blocks.1.conv1,0.19508376717567444
107,blocks.1.conv2,0.19612938165664673
107,blocks.2.conv1,0.18915313482284546
107,blocks.2.conv2,0.15718454122543335
107,blocks.3.conv1,0.1369640827178955
107,blocks.3.conv2,0.09374634176492691
107,mean_conv2d_grad_norm,0.16198540644513237
108,stem.0,0.12895463407039642
108,blocks.0.conv1,0.14339996874332428
108,blocks.0.conv2,0.17753906548023224
108,blocks.1.conv1,0.18326151371002197
108,blocks.1.conv2,0.18507835268974304
108,blocks.2.conv1,0.1770334541797638
108,blocks.2.conv2,0.15151368081569672
108,blocks.3.conv1,0.13552482426166534
108,blocks.3.conv2,0.08680032938718796
108,mean_conv2d_grad_norm,0.1521228692597813
109,stem.0,0.1389312595129013
109,blocks.0.conv1,0.17346790432929993
109,blocks.0.conv2,0.22785745561122894
109,blocks.1.conv1,0.2361810803413391
109,blocks.1.conv2,0.22629262506961823
109,blocks.2.conv1,0.22919350862503052
109,blocks.2.conv2,0.19164404273033142
109,blocks.3.conv1,0.18368563055992126
109,blocks.3.conv2,0.11705280095338821
109,mean_conv2d_grad_norm,0.19158958974811766
110,stem.0,0.12397544831037521
110,blocks.0.conv1,0.16070663928985596
110,blocks.0.conv2,0.19660839438438416
110,blocks.1.conv1,0.20821808278560638
110,blocks.1.conv2,0.204092875123024
110,blocks.2.conv1,0.19889740645885468
110,blocks.2.conv2,0.16895438730716705
110,blocks.3.conv1,0.14348956942558289
110,blocks.3.conv2,0.08768544346094131
110,mean_conv2d_grad_norm,0.1658475829495324
111,stem.0,0.2143585979938507
111,blocks.0.conv1,0.22720082104206085
111,blocks.0.conv2,0.2812904119491577
111,blocks.1.conv1,0.30003705620765686
111,blocks.1.conv2,0.2901320457458496
111,blocks.2.conv1,0.27023229002952576
111,blocks.2.conv2,0.22200162708759308
111,blocks.3.conv1,0.19314680993556976
111,blocks.3.conv2,0.11517049372196198
111,mean_conv2d_grad_norm,0.2348411281903585
112,stem.0,0.17601211369037628
112,blocks.0.conv1,0.20429612696170807
112,blocks.0.conv2,0.2753365933895111
112,blocks.1.conv1,0.2693794369697571
112,blocks.1.conv2,0.2666046917438507
112,blocks.2.conv1,0.2630506455898285
112,blocks.2.conv2,0.21908855438232422
112,blocks.3.conv1,0.18720749020576477
112,blocks.3.conv2,0.1282101571559906
112,mean_conv2d_grad_norm,0.2210206455654568
113,stem.0,0.1840607225894928
113,blocks.0.conv1,0.25311964750289917
113,blocks.0.conv2,0.2922120690345764
113,blocks.1.conv1,0.31572481989860535
113,blocks.1.conv2,0.32029011845588684
113,blocks.2.conv1,0.30832239985466003
113,blocks.2.conv2,0.2574986517429352
113,blocks.3.conv1,0.24633708596229553
113,blocks.3.conv2,0.16161084175109863
113,mean_conv2d_grad_norm,0.25990848408805
114,stem.0,0.04275829717516899
114,blocks.0.conv1,0.05921291932463646
114,blocks.0.conv2,0.07963885366916656
114,blocks.1.conv1,0.09125887602567673
114,blocks.1.conv2,0.09242962300777435
114,blocks.2.conv1,0.08468320965766907
114,blocks.2.conv2,0.07336907833814621
114,blocks.3.conv1,0.0660361722111702
114,blocks.3.conv2,0.03898555412888527
114,mean_conv2d_grad_norm,0.06981917594869931
115,stem.0,0.11101994663476944
115,blocks.0.conv1,0.11522463709115982
115,blocks.0.conv2,0.14061033725738525
115,blocks.1.conv1,0.1487538367509842
115,blocks.1.conv2,0.1431204378604889
115,blocks.2.conv1,0.1410944014787674
115,blocks.2.conv2,0.12291132658720016
115,blocks.3.conv1,0.11312399804592133
115,blocks.3.conv2,0.07188131660223007
115,mean_conv2d_grad_norm,0.12308224870098962
116,stem.0,0.045286115258932114
116,blocks.0.conv1,0.06007472798228264
116,blocks.0.conv2,0.0765688493847847
116,blocks.1.conv1,0.08252137154340744
116,blocks.1.conv2,0.0779445618391037
116,blocks.2.conv1,0.07017502933740616
116,blocks.2.conv2,0.056027207523584366
116,blocks.3.conv1,0.046362217515707016
116,blocks.3.conv2,0.028508203104138374
116,mean_conv2d_grad_norm,0.06038536483214961
117,stem.0,0.053627774119377136
117,blocks.0.conv1,0.08438920229673386
117,blocks.0.conv2,0.10594305396080017
117,blocks.1.conv1,0.10619697719812393
117,blocks.1.conv2,0.09864974766969681
117,blocks.2.conv1,0.09684578329324722
117,blocks.2.conv2,0.08099031448364258
117,blocks.3.conv1,0.07157092541456223
117,blocks.3.conv2,0.039488986134529114
117,mean_conv2d_grad_norm,0.08196697384119034
118,stem.0,0.06278663873672485
118,blocks.0.conv1,0.0658993273973465
118,blocks.0.conv2,0.08704888820648193
118,blocks.1.conv1,0.09298031777143478
118,blocks.1.conv2,0.0926051214337349
118,blocks.2.conv1,0.08638832718133926
118,blocks.2.conv2,0.07641037553548813
118,blocks.3.conv1,0.06569341570138931
118,blocks.3.conv2,0.04004251956939697
118,mean_conv2d_grad_norm,0.0744283257259263
119,stem.0,0.03401964157819748
119,blocks.0.conv1,0.04159676283597946
119,blocks.0.conv2,0.05218510329723358
119,blocks.1.conv1,0.055722493678331375
119,blocks.1.conv2,0.05259857699275017
119,blocks.2.conv1,0.048602961003780365
119,blocks.2.conv2,0.04233304411172867
119,blocks.3.conv1,0.03723243623971939
119,blocks.3.conv2,0.023535801097750664
119,mean_conv2d_grad_norm,0.04309186898171902
120,stem.0,0.07912620902061462
120,blocks.0.conv1,0.08545468747615814
120,blocks.0.conv2,0.11472052335739136
120,blocks.1.conv1,0.1251194030046463
120,blocks.1.conv2,0.1255534589290619
120,blocks.2.conv1,0.11419276893138885
120,blocks.2.conv2,0.09599433839321136
120,blocks.3.conv1,0.08294753730297089
120,blocks.3.conv2,0.046039238572120667
120,mean_conv2d_grad_norm,0.09657201833195156
121,stem.0,0.14961044490337372
121,blocks.0.conv1,0.2150074541568756
121,blocks.0.conv2,0.24140536785125732
121,blocks.1.conv1,0.24836575984954834
121,blocks.1.conv2,0.2389746755361557
121,blocks.2.conv1,0.2117973417043686
121,blocks.2.conv2,0.1863439977169037
121,blocks.3.conv1,0.1670251488685608
121,blocks.3.conv2,0.09209189563989639
121,mean_conv2d_grad_norm,0.19451356513632667
122,stem.0,0.11990595608949661
122,blocks.0.conv1,0.12802287936210632
122,blocks.0.conv2,0.17618334293365479
122,blocks.1.conv1,0.18522875010967255
122,blocks.1.conv2,0.16913853585720062
122,blocks.2.conv1,0.1636689454317093
122,blocks.2.conv2,0.13971230387687683
122,blocks.3.conv1,0.11782710254192352
122,blocks.3.conv2,0.06586292386054993
122,mean_conv2d_grad_norm,0.14061674889591005
123,stem.0,0.06077490746974945
123,blocks.0.conv1,0.06696438789367676
123,blocks.0.conv2,0.08801420032978058
123,blocks.1.conv1,0.09264767169952393
123,blocks.1.conv2,0.0928652361035347
123,blocks.2.conv1,0.08952681720256805
123,blocks.2.conv2,0.07691016048192978
123,blocks.3.conv1,0.073170967400074
123,blocks.3.conv2,0.04496121034026146
123,mean_conv2d_grad_norm,0.07620395099123319
124,stem.0,0.2126336544752121
124,blocks.0.conv1,0.20866794884204865
124,blocks.0.conv2,0.26137667894363403
124,blocks.1.conv1,0.2754012942314148
124,blocks.1.conv2,0.26601269841194153
124,blocks.2.conv1,0.26140204071998596
124,blocks.2.conv2,0.2206125259399414
124,blocks.3.conv1,0.18375754356384277
124,blocks.3.conv2,0.10692497342824936
124,mean_conv2d_grad_norm,0.22186548428403008
125,stem.0,0.08836478739976883
125,blocks.0.conv1,0.12496309727430344
125,blocks.0.conv2,0.17015618085861206
125,blocks.1.conv1,0.18752364814281464
125,blocks.1.conv2,0.1753523051738739
125,blocks.2.conv1,0.16761969029903412
125,blocks.2.conv2,0.13448607921600342
125,blocks.3.conv1,0.1149141788482666
125,blocks.3.conv2,0.06163942441344261
125,mean_conv2d_grad_norm,0.1361132657362355
126,stem.0,0.11595166474580765
126,blocks.0.conv1,0.16991108655929565
126,blocks.0.conv2,0.2187178134918213
126,blocks.1.conv1,0.22780807316303253
126,blocks.1.conv2,0.22481922805309296
126,blocks.2.conv1,0.19399435818195343
126,blocks.2.conv2,0.1539592146873474
126,blocks.3.conv1,0.12380358576774597
126,blocks.3.conv2,0.07409139722585678
126,mean_conv2d_grad_norm,0.16700626909732819
127,stem.0,0.10304250568151474
127,blocks.0.conv1,0.10593318939208984
127,blocks.0.conv2,0.1442786157131195
127,blocks.1.conv1,0.1453210562467575
127,blocks.1.conv2,0.14034432172775269
127,blocks.2.conv1,0.1287345439195633
127,blocks.2.conv2,0.11299538612365723
127,blocks.3.conv1,0.10260288417339325
127,blocks.3.conv2,0.06810897588729858
127,mean_conv2d_grad_norm,0.1168179420961274
128,stem.0,0.10910347104072571
128,blocks.0.conv1,0.13905461132526398
128,blocks.0.conv2,0.20008839666843414
128,blocks.1.conv1,0.21656249463558197
128,blocks.1.conv2,0.1978900283575058
128,blocks.2.conv1,0.20610849559307098
128,blocks.2.conv2,0.166718527674675
128,blocks.3.conv1,0.14037548005580902
128,blocks.3.conv2,0.08613992482423782
128,mean_conv2d_grad_norm,0.16244904779725605
129,stem.0,0.04774206504225731
129,blocks.0.conv1,0.07528892159461975
129,blocks.0.conv2,0.09088663011789322
129,blocks.1.conv1,0.0951165109872818
129,blocks.1.conv2,0.09040561318397522
129,blocks.2.conv1,0.08392152190208435
129,blocks.2.conv2,0.06786118447780609
129,blocks.3.conv1,0.061817873269319534
129,blocks.3.conv2,0.0339127779006958
129,mean_conv2d_grad_norm,0.071883677608437
130,stem.0,0.12143876403570175
130,blocks.0.conv1,0.18016938865184784
130,blocks.0.conv2,0.22482138872146606
130,blocks.1.conv1,0.22884385287761688
130,blocks.1.conv2,0.22769956290721893
130,blocks.2.conv1,0.21702192723751068
130,blocks.2.conv2,0.18890480697155
130,blocks.3.conv1,0.1462746411561966
130,blocks.3.conv2,0.06761753559112549
130,mean_conv2d_grad_norm,0.178087985350026
131,stem.0,0.10985109955072403
131,blocks.0.conv1,0.15163597464561462
131,blocks.0.conv2,0.18790021538734436
131,blocks.1.conv1,0.198640838265419
131,blocks.1.conv2,0.19302381575107574
131,blocks.2.conv1,0.18126502633094788
131,blocks.2.conv2,0.1558561623096466
131,blocks.3.conv1,0.1284988522529602
131,blocks.3.conv2,0.06723003834486008
131,mean_conv2d_grad_norm,0.15265578031539917
132,stem.0,0.13016697764396667
132,blocks.0.conv1,0.16106301546096802
132,blocks.0.conv2,0.19832023978233337
132,blocks.1.conv1,0.22318556904792786
132,blocks.1.conv2,0.217173770070076
132,blocks.2.conv1,0.20370104908943176
132,blocks.2.conv2,0.1851905882358551
132,blocks.3.conv1,0.18174733221530914
132,blocks.3.conv2,0.10616903007030487
132,mean_conv2d_grad_norm,0.1785241746240192
133,stem.0,0.08539042621850967
133,blocks.0.conv1,0.09477010369300842
133,blocks.0.conv2,0.11759180575609207
133,blocks.1.conv1,0.12277389317750931
133,blocks.1.conv2,0.11812440305948257
133,blocks.2.conv1,0.11394687741994858
133,blocks.2.conv2,0.09802757948637009
133,blocks.3.conv1,0.09482806921005249
133,blocks.3.conv2,0.05304018035531044
133,mean_conv2d_grad_norm,0.09983259315292041
134,stem.0,0.15462860465049744
134,blocks.0.conv1,0.2129000574350357
134,blocks.0.conv2,0.2725389301776886
134,blocks.1.conv1,0.2828916609287262
134,blocks.1.conv2,0.2877565622329712
134,blocks.2.conv1,0.2688140571117401
134,blocks.2.conv2,0.21048323810100555
134,blocks.3.conv1,0.19438405334949493
134,blocks.3.conv2,0.10217104107141495
134,mean_conv2d_grad_norm,0.22072980056206384
135,stem.0,0.15472500026226044
135,blocks.0.conv1,0.1775151491165161
135,blocks.0.conv2,0.23774750530719757
135,blocks.1.conv1,0.2353343665599823
135,blocks.1.conv2,0.212236225605011
135,blocks.2.conv1,0.201572448015213
135,blocks.2.conv2,0.16110962629318237
135,blocks.3.conv1,0.1486273854970932
135,blocks.3.conv2,0.07091322541236877
135,mean_conv2d_grad_norm,0.17775343689653608
136,stem.0,0.1874697357416153
136,blocks.0.conv1,0.3476865589618683
136,blocks.0.conv2,0.40971753001213074
136,blocks.1.conv1,0.4367949962615967
136,blocks.1.conv2,0.4017522633075714
136,blocks.2.conv1,0.3951984941959381
136,blocks.2.conv2,0.328897625207901
136,blocks.3.conv1,0.2918088734149933
136,blocks.3.conv2,0.1777109056711197
136,mean_conv2d_grad_norm,0.3307818869749705
137,stem.0,0.06187592074275017
137,blocks.0.conv1,0.09603448212146759
137,blocks.0.conv2,0.12653209269046783
137,blocks.1.conv1,0.12778913974761963
137,blocks.1.conv2,0.11985007673501968
137,blocks.2.conv1,0.11500413715839386
137,blocks.2.conv2,0.09897855669260025
137,blocks.3.conv1,0.08514702320098877
137,blocks.3.conv2,0.05082128569483757
137,mean_conv2d_grad_norm,0.09800363497601615
138,stem.0,0.17220598459243774
138,blocks.0.conv1,0.2497669905424118
138,blocks.0.conv2,0.3383604884147644
138,blocks.1.conv1,0.3605504631996155
138,blocks.1.conv2,0.3406462073326111
138,blocks.2.conv1,0.3350917398929596
138,blocks.2.conv2,0.278654545545578
138,blocks.3.conv1,0.23339585959911346
138,blocks.3.conv2,0.14637988805770874
138,mean_conv2d_grad_norm,0.2727835741308
139,stem.0,0.14374682307243347
139,blocks.0.conv1,0.21906530857086182
139,blocks.0.conv2,0.27077484130859375
139,blocks.1.conv1,0.2626104950904846
139,blocks.1.conv2,0.2592430114746094
139,blocks.2.conv1,0.2611481547355652
139,blocks.2.conv2,0.21382606029510498
139,blocks.3.conv1,0.16118648648262024
139,blocks.3.conv2,0.1026119589805603
139,mean_conv2d_grad_norm,0.2104681266678704
140,stem.0,0.11351652443408966
140,blocks.0.conv1,0.12564782798290253
140,blocks.0.conv2,0.14273235201835632
140,blocks.1.conv1,0.1436060070991516
140,blocks.1.conv2,0.13454216718673706
140,blocks.2.conv1,0.13578668236732483
140,blocks.2.conv2,0.10698720067739487
140,blocks.3.conv1,0.08808748424053192
140,blocks.3.conv2,0.049554262310266495
140,mean_conv2d_grad_norm,0.11560672314630614
141,stem.0,0.12433602660894394
141,blocks.0.conv1,0.1407727748155594
141,blocks.0.conv2,0.19613052904605865
141,blocks.1.conv1,0.20624706149101257
141,blocks.1.conv2,0.19748643040657043
141,blocks.2.conv1,0.18705354630947113
141,blocks.2.conv2,0.14774613082408905
141,blocks.3.conv1,0.12913210690021515
141,blocks.3.conv2,0.07928813248872757
141,mean_conv2d_grad_norm,0.15646585987673867
142,stem.0,0.08098568022251129
142,blocks.0.conv1,0.10327271372079849
142,blocks.0.conv2,0.1205739974975586
142,blocks.1.conv1,0.12095016986131668
142,blocks.1.conv2,0.1145818829536438
142,blocks.2.conv1,0.11467387527227402
142,blocks.2.conv2,0.09519369155168533
142,blocks.3.conv1,0.09141333401203156
142,blocks.3.conv2,0.05183202400803566
142,mean_conv2d_grad_norm,0.09927526323331727
143,stem.0,0.07965584844350815
143,blocks.0.conv1,0.09663713723421097
143,blocks.0.conv2,0.12606458365917206
143,blocks.1.conv1,0.1396002620458603
143,blocks.1.conv2,0.13980239629745483
143,blocks.2.conv1,0.13589516282081604
143,blocks.2.conv2,0.1187477856874466
143,blocks.3.conv1,0.10012436658143997
143,blocks.3.conv2,0.06552296876907349
143,mean_conv2d_grad_norm,0.1113389457265536
144,stem.0,0.1801181435585022
144,blocks.0.conv1,0.19913223385810852
144,blocks.0.conv2,0.23760414123535156
144,blocks.1.conv1,0.24866586923599243
144,blocks.1.conv2,0.23760387301445007
144,blocks.2.conv1,0.20858044922351837
144,blocks.2.conv2,0.19213330745697021
144,blocks.3.conv1,0.17580097913742065
144,blocks.3.conv2,0.08304588496685028
144,mean_conv2d_grad_norm,0.19585387574301827
145,stem.0,0.1523447036743164
145,blocks.0.conv1,0.1936003416776657
145,blocks.0.conv2,0.242279514670372
145,blocks.1.conv1,0.26367098093032837
145,blocks.1.conv2,0.2597018778324127
145,blocks.2.conv1,0.24460019171237946
145,blocks.2.conv2,0.21624340116977692
145,blocks.3.conv1,0.21283960342407227
145,blocks.3.conv2,0.11549455672502518
145,mean_conv2d_grad_norm,0.21119724131292766
146,stem.0,0.04517234116792679
146,blocks.0.conv1,0.07185668498277664
146,blocks.0.conv2,0.08159910142421722
146,blocks.1.conv1,0.08750700950622559
146,blocks.1.conv2,0.08432374894618988
146,blocks.2.conv1,0.08151985704898834
146,blocks.2.conv2,0.06907302886247635
146,blocks.3.conv1,0.06321832537651062
146,blocks.3.conv2,0.0403413362801075
146,mean_conv2d_grad_norm,0.069401270399491
147,stem.0,0.04131873697042465
147,blocks.0.conv1,0.06496920436620712
147,blocks.0.conv2,0.07881279289722443
147,blocks.1.conv1,0.08860114216804504
147,blocks.1.conv2,0.07928518205881119
147,blocks.2.conv1,0.07962097227573395
147,blocks.2.conv2,0.06629692763090134
147,blocks.3.conv1,0.05725952982902527
147,blocks.3.conv2,0.032626379281282425
147,mean_conv2d_grad_norm,0.06542120749751727
148,stem.0,0.09201475232839584
148,blocks.0.conv1,0.09910999983549118
148,blocks.0.conv2,0.13824321329593658
148,blocks.1.conv1,0.15135067701339722
148,blocks.1.conv2,0.1411949247121811
148,blocks.2.conv1,0.1541776955127716
148,blocks.2.conv2,0.13213439285755157
148,blocks.3.conv1,0.12134150415658951
148,blocks.3.conv2,0.0757339671254158
148,mean_conv2d_grad_norm,0.12281123631530338
149,stem.0,0.1323530077934265
149,blocks.0.conv1,0.14193002879619598
149,blocks.0.conv2,0.2021794617176056
149,blocks.1.conv1,0.21879035234451294
149,blocks.1.conv2,0.2222065031528473
149,blocks.2.conv1,0.21256761252880096
149,blocks.2.conv2,0.17246367037296295
149,blocks.3.conv1,0.15872400999069214
149,blocks.3.conv2,0.08372076600790024
149,mean_conv2d_grad_norm,0.1716594903005494
150,stem.0,0.19168183207511902
150,blocks.0.conv1,0.23136696219444275
150,blocks.0.conv2,0.30221936106681824
150,blocks.1.conv1,0.3112693727016449
150,blocks.1.conv2,0.2985001504421234
150,blocks.2.conv1,0.29182928800582886
150,blocks.2.conv2,0.2560625970363617
150,blocks.3.conv1,0.24489907920360565
150,blocks.3.conv2,0.1370762139558792
150,mean_conv2d_grad_norm,0.2516560951868693
151,stem.0,0.03250953182578087
151,blocks.0.conv1,0.04252065718173981
151,blocks.0.conv2,0.05235569551587105
151,blocks.1.conv1,0.053566139191389084
151,blocks.1.conv2,0.05480220541357994
151,blocks.2.conv1,0.0511402003467083
151,blocks.2.conv2,0.03833763673901558
151,blocks.3.conv1,0.03138316422700882
151,blocks.3.conv2,0.01861855387687683
151,mean_conv2d_grad_norm,0.0416926427019967
152,stem.0,0.030574796721339226
152,blocks.0.conv1,0.04101604223251343
152,blocks.0.conv2,0.051865123212337494
152,blocks.1.conv1,0.05698072165250778
152,blocks.1.conv2,0.05680849403142929
152,blocks.2.conv1,0.056339964270591736
152,blocks.2.conv2,0.05115239694714546
152,blocks.3.conv1,0.04858269542455673
152,blocks.3.conv2,0.02525658905506134
152,mean_conv2d_grad_norm,0.04650853594972028
153,stem.0,0.04868622496724129
153,blocks.0.conv1,0.07202737033367157
153,blocks.0.conv2,0.08721160888671875
153,blocks.1.conv1,0.08652845770120621
153,blocks.1.conv2,0.08251592516899109
153,blocks.2.conv1,0.07822491228580475
153,blocks.2.conv2,0.06767486035823822
153,blocks.3.conv1,0.058660101145505905
153,blocks.3.conv2,0.031328871846199036
153,mean_conv2d_grad_norm,0.0680953702992863
154,stem.0,0.07074876874685287
154,blocks.0.conv1,0.093719981610775
154,blocks.0.conv2,0.10584627091884613
154,blocks.1.conv1,0.11112599074840546
154,blocks.1.conv2,0.1094110831618309
154,blocks.2.conv1,0.10585398226976395
154,blocks.2.conv2,0.09202728420495987
154,blocks.3.conv1,0.08146293461322784
154,blocks.3.conv2,0.05060600861907005
154,mean_conv2d_grad_norm,0.09120025609930356
155,stem.0,0.019603105261921883
155,blocks.0.conv1,0.02848159149289131
155,blocks.0.conv2,0.0364750474691391
155,blocks.1.conv1,0.03800462186336517
155,blocks.1.conv2,0.03544510528445244
155,blocks.2.conv1,0.035001009702682495
155,blocks.2.conv2,0.028874553740024567
155,blocks.3.conv1,0.02148008905351162
155,blocks.3.conv2,0.011246359907090664
155,mean_conv2d_grad_norm,0.028290164863897696
156,stem.0,0.04130497947335243
156,blocks.0.conv1,0.04427820444107056
156,blocks.0.conv2,0.06101379171013832
156,blocks.1.conv1,0.06566403806209564
156,blocks.1.conv2,0.06633307784795761
156,blocks.2.conv1,0.06771550327539444
156,blocks.2.conv2,0.05627403035759926
156,blocks.3.conv1,0.04953572154045105
156,blocks.3.conv2,0.029790522530674934
156,mean_conv2d_grad_norm,0.053545541026526026
157,stem.0,0.10740333795547485
157,blocks.0.conv1,0.15886563062667847
157,blocks.0.conv2,0.214971125125885
157,blocks.1.conv1,0.22439804673194885
157,blocks.1.conv2,0.21378906071186066
157,blocks.2.conv1,0.21641184389591217
157,blocks.2.conv2,0.17141419649124146
157,blocks.3.conv1,0.14688172936439514
157,blocks.3.conv2,0.08855007588863373
157,mean_conv2d_grad_norm,0.17140944964355892
158,stem.0,0.02726634219288826
158,blocks.0.conv1,0.030617166310548782
158,blocks.0.conv2,0.03709254413843155
158,blocks.1.conv1,0.039276864379644394
158,blocks.1.conv2,0.03915627673268318
158,blocks.2.conv1,0.03838711977005005
158,blocks.2.conv2,0.03361709043383598
158,blocks.3.conv1,0.030032653361558914
158,blocks.3.conv2,0.01738591305911541
158,mean_conv2d_grad_norm,0.03253688559763961
159,stem.0,0.013825916685163975
159,blocks.0.conv1,0.016293905675411224
159,blocks.0.conv2,0.0208501685410738
159,blocks.1.conv1,0.020944466814398766
159,blocks.1.conv2,0.019436173141002655
159,blocks.2.conv1,0.01919086091220379
159,blocks.2.conv2,0.016252247616648674
159,blocks.3.conv1,0.013679410330951214
159,blocks.3.conv2,0.007939375936985016
159,mean_conv2d_grad_norm,0.016490280628204346
160,stem.0,0.05722181499004364
160,blocks.0.conv1,0.05553676560521126
160,blocks.0.conv2,0.07450299710035324
160,blocks.1.conv1,0.07355240732431412
160,blocks.1.conv2,0.07040195167064667
160,blocks.2.conv1,0.06852802634239197
160,blocks.2.conv2,0.05367494001984596
160,blocks.3.conv1,0.051305219531059265
160,blocks.3.conv2,0.029627909883856773
160,mean_conv2d_grad_norm,0.05937244805196921
161,stem.0,0.05549423769116402
161,blocks.0.conv1,0.07980415225028992
161,blocks.0.conv2,0.10058432817459106
161,blocks.1.conv1,0.10528777539730072
161,blocks.1.conv2,0.10204523801803589
161,blocks.2.conv1,0.10280680656433105
161,blocks.2.conv2,0.0797276571393013
161,blocks.3.conv1,0.06743893772363663
161,blocks.3.conv2,0.03819188475608826
161,mean_conv2d_grad_norm,0.08126455752385987
162,stem.0,0.030256362631917
162,blocks.0.conv1,0.03570389002561569
162,blocks.0.conv2,0.04637489095330238
162,blocks.1.conv1,0.04956519231200218
162,blocks.1.conv2,0.04816838353872299
162,blocks.2.conv1,0.04656126722693443
162,blocks.2.conv2,0.03950843587517738
162,blocks.3.conv1,0.033594630658626556
162,blocks.3.conv2,0.020411336794495583
162,mean_conv2d_grad_norm,0.038904932224088244
163,stem.0,0.3315798342227936
163,blocks.0.conv1,0.3434607684612274
163,blocks.0.conv2,0.4570080041885376
163,blocks.1.conv1,0.4758126437664032
163,blocks.1.conv2,0.4413292109966278
163,blocks.2.conv1,0.4098812937736511
163,blocks.2.conv2,0.3234928250312805
163,blocks.3.conv1,0.27497392892837524
163,blocks.3.conv2,0.1560448259115219
163,mean_conv2d_grad_norm,0.3570648150311576
164,stem.0,0.0906279981136322
164,blocks.0.conv1,0.12900201976299286
164,blocks.0.conv2,0.1538529098033905
164,blocks.1.conv1,0.1658511906862259
164,blocks.1.conv2,0.1637202352285385
164,blocks.2.conv1,0.16236162185668945
164,blocks.2.conv2,0.1371462047100067
164,blocks.3.conv1,0.13223053514957428
164,blocks.3.conv2,0.06478011608123779
164,mean_conv2d_grad_norm,0.1332858701546987
165,stem.0,0.0621487982571125
165,blocks.0.conv1,0.07247912883758545
165,blocks.0.conv2,0.09521674364805222
165,blocks.1.conv1,0.10649336874485016
165,blocks.1.conv2,0.10430052131414413
165,blocks.2.conv1,0.09936492890119553
165,blocks.2.conv2,0.08710847049951553
165,blocks.3.conv1,0.07955717295408249
165,blocks.3.conv2,0.041170634329319
165,mean_conv2d_grad_norm,0.08309330749842855
166,stem.0,0.1148119643330574
166,blocks.0.conv1,0.15638287365436554
166,blocks.0.conv2,0.1906736195087433
166,blocks.1.conv1,0.20221595466136932
166,blocks.1.conv2,0.17526564002037048
166,blocks.2.conv1,0.17042677104473114
166,blocks.2.conv2,0.13106663525104523
166,blocks.3.conv1,0.10904697328805923
166,blocks.3.conv2,0.06380603462457657
166,mean_conv2d_grad_norm,0.14596627404292425
167,stem.0,0.0989411398768425
167,blocks.0.conv1,0.1292974203824997
167,blocks.0.conv2,0.1608431041240692
167,blocks.1.conv1,0.15932504832744598
167,blocks.1.conv2,0.15660890936851501
167,blocks.2.conv1,0.1487809419631958
167,blocks.2.conv2,0.12926509976387024
167,blocks.3.conv1,0.11705935746431351
167,blocks.3.conv2,0.0643923357129097
167,mean_conv2d_grad_norm,0.12939037299818462
168,stem.0,0.02358403615653515
168,blocks.0.conv1,0.0323929525911808
168,blocks.0.conv2,0.0446944534778595
168,blocks.1.conv1,0.04462316259741783
168,blocks.1.conv2,0.04548405110836029
168,blocks.2.conv1,0.046585869044065475
168,blocks.2.conv2,0.038994159549474716
168,blocks.3.conv1,0.03397033363580704
168,blocks.3.conv2,0.023355724290013313
168,mean_conv2d_grad_norm,0.03707608249452379
169,stem.0,0.04394180700182915
169,blocks.0.conv1,0.048858627676963806
169,blocks.0.conv2,0.06398264318704605
169,blocks.1.conv1,0.06804831326007843
169,blocks.1.conv2,0.06315197050571442
169,blocks.2.conv1,0.06237798184156418
169,blocks.2.conv2,0.052755702286958694
169,blocks.3.conv1,0.04728512465953827
169,blocks.3.conv2,0.027404461055994034
169,mean_conv2d_grad_norm,0.05308962571952078
170,stem.0,0.033436842262744904
170,blocks.0.conv1,0.03786459192633629
170,blocks.0.conv2,0.047263987362384796
170,blocks.1.conv1,0.05163544788956642
170,blocks.1.conv2,0.049561507999897
170,blocks.2.conv1,0.048162639141082764
170,blocks.2.conv2,0.04194708913564682
170,blocks.3.conv1,0.03832798823714256
170,blocks.3.conv2,0.01967613399028778
170,mean_conv2d_grad_norm,0.04087513643834326
171,stem.0,0.1662624031305313
171,blocks.0.conv1,0.2533227801322937
171,blocks.0.conv2,0.313200980424881
171,blocks.1.conv1,0.34703293442726135
171,blocks.1.conv2,0.3382086753845215
171,blocks.2.conv1,0.31996363401412964
171,blocks.2.conv2,0.2810603976249695
171,blocks.3.conv1,0.2574217617511749
171,blocks.3.conv2,0.13784028589725494
171,mean_conv2d_grad_norm,0.2682570947541131
172,stem.0,0.036428406834602356
172,blocks.0.conv1,0.04143647104501724
172,blocks.0.conv2,0.0537794791162014
172,blocks.1.conv1,0.05881163850426674
172,blocks.1.conv2,0.05822785943746567
172,blocks.2.conv1,0.05376025289297104
172,blocks.2.conv2,0.048087939620018005
172,blocks.3.conv1,0.0429447665810585
172,blocks.3.conv2,0.025029044598340988
172,mean_conv2d_grad_norm,0.046500650958882436
173,stem.0,0.2242210954427719
173,blocks.0.conv1,0.25646984577178955
173,blocks.0.conv2,0.3326588571071625
173,blocks.1.conv1,0.3592781126499176
173,blocks.1.conv2,0.33668020367622375
173,blocks.2.conv1,0.3363725543022156
173,blocks.2.conv2,0.2941589951515198
173,blocks.3.conv1,0.25461530685424805
173,blocks.3.conv2,0.147116556763649
173,mean_conv2d_grad_norm,0.2823968364132775
174,stem.0,0.08209001272916794
174,blocks.0.conv1,0.09766989946365356
174,blocks.0.conv2,0.11468182504177094
174,blocks.1.conv1,0.1222548857331276
174,blocks.1.conv2,0.11306636035442352
174,blocks.2.conv1,0.108751080930233
174,blocks.2.conv2,0.09471645206212997
174,blocks.3.conv1,0.08175326883792877
174,blocks.3.conv2,0.05375441908836365
174,mean_conv2d_grad_norm,0.09652646713786656
175,stem.0,0.03802122548222542
175,blocks.0.conv1,0.04416089132428169
175,blocks.0.conv2,0.056825634092092514
175,blocks.1.conv1,0.06028778478503227
175,blocks.1.conv2,0.05777263268828392
175,blocks.2.conv1,0.05722494795918465
175,blocks.2.conv2,0.049779485911130905
175,blocks.3.conv1,0.04210810363292694
175,blocks.3.conv2,0.022579945623874664
175,mean_conv2d_grad_norm,0.04764007238878144
176,stem.0,0.03992552310228348
176,blocks.0.conv1,0.042913030833005905
176,blocks.0.conv2,0.06037464737892151
176,blocks.1.conv1,0.06399829685688019
176,blocks.1.conv2,0.06380818784236908
176,blocks.2.conv1,0.06192511320114136
176,blocks.2.conv2,0.04942050576210022
176,blocks.3.conv1,0.044188372790813446
176,blocks.3.conv2,0.0248252060264349
176,mean_conv2d_grad_norm,0.0501532093104389
177,stem.0,0.2621510326862335
177,blocks.0.conv1,0.27979353070259094
177,blocks.0.conv2,0.3698585033416748
177,blocks.1.conv1,0.3949654996395111
177,blocks.1.conv2,0.408491849899292
177,blocks.2.conv1,0.38089269399642944
177,blocks.2.conv2,0.3133515417575836
177,blocks.3.conv1,0.2850252091884613
177,blocks.3.conv2,0.14303742349147797
177,mean_conv2d_grad_norm,0.3152852538559172
178,stem.0,0.018528936430811882
178,blocks.0.conv1,0.02358381636440754
178,blocks.0.conv2,0.030548498034477234
178,blocks.1.conv1,0.035238780081272125
178,blocks.1.conv2,0.03336566314101219
178,blocks.2.conv1,0.03163997456431389
178,blocks.2.conv2,0.02530018799006939
178,blocks.3.conv1,0.023783942684531212
178,blocks.3.conv2,0.012414244003593922
178,mean_conv2d_grad_norm,0.02604489369938771
179,stem.0,0.02117047645151615
179,blocks.0.conv1,0.025868749246001244
179,blocks.0.conv2,0.034505024552345276
179,blocks.1.conv1,0.037311144173145294
179,blocks.1.conv2,0.03731377422809601
179,blocks.2.conv1,0.03440128266811371
179,blocks.2.conv2,0.029930928722023964
179,blocks.3.conv1,0.026211129501461983
179,blocks.3.conv2,0.014950433745980263
179,mean_conv2d_grad_norm,0.029073660365409322
180,stem.0,0.0809173732995987
180,blocks.0.conv1,0.06827420741319656
180,blocks.0.conv2,0.0832793265581131
180,blocks.1.conv1,0.08441249281167984
180,blocks.1.conv2,0.08044177293777466
180,blocks.2.conv1,0.07701575756072998
180,blocks.2.conv2,0.06495276838541031
180,blocks.3.conv1,0.05400679260492325
180,blocks.3.conv2,0.028483331203460693
180,mean_conv2d_grad_norm,0.0690870914194319
181,stem.0,0.03219178691506386
181,blocks.0.conv1,0.029823360964655876
181,blocks.0.conv2,0.03675144538283348
181,blocks.1.conv1,0.04015381634235382
181,blocks.1.conv2,0.043421827256679535
181,blocks.2.conv1,0.04115070775151253
181,blocks.2.conv2,0.03373049944639206
181,blocks.3.conv1,0.03053794801235199
181,blocks.3.conv2,0.017944633960723877
181,mean_conv2d_grad_norm,0.03396733622584078
182,stem.0,0.03186916559934616
182,blocks.0.conv1,0.03926010802388191
182,blocks.0.conv2,0.05343952029943466
182,blocks.1.conv1,0.05522112920880318
182,blocks.1.conv2,0.0542234405875206
182,blocks.2.conv1,0.05318894237279892
182,blocks.2.conv2,0.04238057881593704
182,blocks.3.conv1,0.03618853911757469
182,blocks.3.conv2,0.02151455543935299
182,mean_conv2d_grad_norm,0.04303177549607224
183,stem.0,0.1535748690366745
183,blocks.0.conv1,0.18750084936618805
183,blocks.0.conv2,0.2235567271709442
183,blocks.1.conv1,0.24114181101322174
183,blocks.1.conv2,0.22950173914432526
183,blocks.2.conv1,0.2383054494857788
183,blocks.2.conv2,0.1878594607114792
183,blocks.3.conv1,0.16484872996807098
183,blocks.3.conv2,0.08008813858032227
183,mean_conv2d_grad_norm,0.189597530497445
184,stem.0,0.051580484956502914
184,blocks.0.conv1,0.07779238373041153
184,blocks.0.conv2,0.10248031467199326
184,blocks.1.conv1,0.1099013015627861
184,blocks.1.conv2,0.10695065557956696
184,blocks.2.conv1,0.11303506046533585
184,blocks.2.conv2,0.08759826421737671
184,blocks.3.conv1,0.07714167982339859
184,blocks.3.conv2,0.04636562615633011
184,mean_conv2d_grad_norm,0.08587175235152245
185,stem.0,0.044849153608083725
185,blocks.0.conv1,0.066453717648983
185,blocks.0.conv2,0.087500661611557
185,blocks.1.conv1,0.09647251665592194
185,blocks.1.conv2,0.07925383001565933
185,blocks.2.conv1,0.07185076177120209
185,blocks.2.conv2,0.05481443554162979
185,blocks.3.conv1,0.047585222870111465
185,blocks.3.conv2,0.02805223874747753
185,mean_conv2d_grad_norm,0.06409250427451399
186,stem.0,0.0846400111913681
186,blocks.0.conv1,0.10243260115385056
186,blocks.0.conv2,0.13590511679649353
186,blocks.1.conv1,0.13897061347961426
186,blocks.1.conv2,0.1265004724264145
186,blocks.2.conv1,0.11820240318775177
186,blocks.2.conv2,0.09473210573196411
186,blocks.3.conv1,0.08284346759319305
186,blocks.3.conv2,0.05267420411109924
186,mean_conv2d_grad_norm,0.10410011063019435
187,stem.0,0.021075481548905373
187,blocks.0.conv1,0.023766830563545227
187,blocks.0.conv2,0.029770378023386
187,blocks.1.conv1,0.029689475893974304
187,blocks.1.conv2,0.02913842350244522
187,blocks.2.conv1,0.029632369056344032
187,blocks.2.conv2,0.024576324969530106
187,blocks.3.conv1,0.01901031844317913
187,blocks.3.conv2,0.012757696211338043
187,mean_conv2d_grad_norm,0.02437969980140527
188,stem.0,0.1907362937927246
188,blocks.0.conv1,0.18612611293792725
188,blocks.0.conv2,0.24049225449562073
188,blocks.1.conv1,0.26213178038597107
188,blocks.1.conv2,0.25970110297203064
188,blocks.2.conv1,0.24802722036838531
188,blocks.2.conv2,0.2128773182630539
188,blocks.3.conv1,0.1835511475801468
188,blocks.3.conv2,0.08434992283582687
188,mean_conv2d_grad_norm,0.20755479484796524
189,stem.0,0.08899224549531937
189,blocks.0.conv1,0.10941242426633835
189,blocks.0.conv2,0.12508949637413025
189,blocks.1.conv1,0.1352912038564682
189,blocks.1.conv2,0.12315808981657028
189,blocks.2.conv1,0.11744282394647598
189,blocks.2.conv2,0.09242533892393112
189,blocks.3.conv1,0.08219324052333832
189,blocks.3.conv2,0.04046810045838356
189,mean_conv2d_grad_norm,0.1016081070734395
190,stem.0,0.05532774701714516
190,blocks.0.conv1,0.06261325627565384
190,blocks.0.conv2,0.08001711964607239
190,blocks.1.conv1,0.08625975251197815
190,blocks.1.conv2,0.08134131878614426
190,blocks.2.conv1,0.08001544326543808
190,blocks.2.conv2,0.06436143815517426
190,blocks.3.conv1,0.05328654497861862
190,blocks.3.conv2,0.032724227756261826
190,mean_conv2d_grad_norm,0.06621631648805407
191,stem.0,0.02870091237127781
191,blocks.0.conv1,0.05349101126194
191,blocks.0.conv2,0.07047537714242935
191,blocks.1.conv1,0.07329155504703522
191,blocks.1.conv2,0.07229537516832352
191,blocks.2.conv1,0.07101207226514816
191,blocks.2.conv2,0.06194315850734711
191,blocks.3.conv1,0.05144317075610161
191,blocks.3.conv2,0.03477608039975166
191,mean_conv2d_grad_norm,0.057492079213261604
192,stem.0,0.03809851035475731
192,blocks.0.conv1,0.05665887892246246
192,blocks.0.conv2,0.0681573823094368
192,blocks.1.conv1,0.06836876273155212
192,blocks.1.conv2,0.06687923520803452
192,blocks.2.conv1,0.0641062781214714
192,blocks.2.conv2,0.05554679408669472
192,blocks.3.conv1,0.04999132081866264
192,blocks.3.conv2,0.02804621495306492
192,mean_conv2d_grad_norm,0.0550948197229041
193,stem.0,0.014250149019062519
193,blocks.0.conv1,0.020027117803692818
193,blocks.0.conv2,0.023324215784668922
193,blocks.1.conv1,0.02472393959760666
193,blocks.1.conv2,0.02489611878991127
193,blocks.2.conv1,0.022058267146348953
193,blocks.2.conv2,0.01851877011358738
193,blocks.3.conv1,0.01670968532562256
193,blocks.3.conv2,0.0090204868465662
193,mean_conv2d_grad_norm,0.01928097226967414
194,stem.0,0.09525253623723984
194,blocks.0.conv1,0.09962853789329529
194,blocks.0.conv2,0.11195708066225052
194,blocks.1.conv1,0.12009511888027191
194,blocks.1.conv2,0.10468693822622299
194,blocks.2.conv1,0.10073548555374146
194,blocks.2.conv2,0.08824964612722397
194,blocks.3.conv1,0.08032505214214325
194,blocks.3.conv2,0.041231296956539154
194,mean_conv2d_grad_norm,0.09357352140876982
195,stem.0,0.1187320128083229
195,blocks.0.conv1,0.11926157027482986
195,blocks.0.conv2,0.1562536209821701
195,blocks.1.conv1,0.16660632193088531
195,blocks.1.conv2,0.15761472284793854
195,blocks.2.conv1,0.1531105637550354
195,blocks.2.conv2,0.139047309756279
195,blocks.3.conv1,0.11546474695205688
195,blocks.3.conv2,0.06551387161016464
195,mean_conv2d_grad_norm,0.1324005267686314
196,stem.0,0.04343670606613159
196,blocks.0.conv1,0.06242172047495842
196,blocks.0.conv2,0.07993302494287491
196,blocks.1.conv1,0.08219519257545471
196,blocks.1.conv2,0.07348528504371643
196,blocks.2.conv1,0.07269679754972458
196,blocks.2.conv2,0.06160411611199379
196,blocks.3.conv1,0.05104762688279152
196,blocks.3.conv2,0.029964692890644073
196,mean_conv2d_grad_norm,0.061865018059810005
197,stem.0,0.016380244866013527
197,blocks.0.conv1,0.021609539166092873
197,blocks.0.conv2,0.029171794652938843
197,blocks.1.conv1,0.0312349796295166
197,blocks.1.conv2,0.03140116482973099
197,blocks.2.conv1,0.0301686841994524
197,blocks.2.conv2,0.027657903730869293
197,blocks.3.conv1,0.026024533435702324
197,blocks.3.conv2,0.015468507073819637
197,mean_conv2d_grad_norm,0.025457483509348497
198,stem.0,0.045753590762615204
198,blocks.0.conv1,0.0775279849767685
198,blocks.0.conv2,0.10202179104089737
198,blocks.1.conv1,0.10970184206962585
198,blocks.1.conv2,0.10274088382720947
198,blocks.2.conv1,0.09680307656526566
198,blocks.2.conv2,0.07917819172143936
198,blocks.3.conv1,0.06729849427938461
198,blocks.3.conv2,0.039880357682704926
198,mean_conv2d_grad_norm,0.08010069032510121
199,stem.0,0.06038966774940491
199,blocks.0.conv1,0.06773993372917175
199,blocks.0.conv2,0.09080946445465088
199,blocks.1.conv1,0.0959550142288208
199,blocks.1.conv2,0.10197833925485611
199,blocks.2.conv1,0.08504941314458847
199,blocks.2.conv2,0.07406823337078094
199,blocks.3.conv1,0.06469915807247162
199,blocks.3.conv2,0.034350138157606125
199,mean_conv2d_grad_norm,0.07500437357359463
200,stem.0,0.03308946266770363
200,blocks.0.conv1,0.051064636558294296
200,blocks.0.conv2,0.06590088456869125
200,blocks.1.conv1,0.06819687783718109
200,blocks.1.conv2,0.06730324029922485
200,blocks.2.conv1,0.06566635519266129
200,blocks.2.conv2,0.055767882615327835
200,blocks.3.conv1,0.04603903740644455
200,blocks.3.conv2,0.02237783931195736
200,mean_conv2d_grad_norm,0.05282291293972068
